stock,total_score,raw_momentum_6m,raw_momentum_3m,raw_momentum_1m,volatility_adjusted,smooth_momentum,consistency_score,trend_strength,momentum_12_2,fip_quality,calculated_date,created_at
SYRMA.NS,0.9337,0.6911,0.5441,0.2023,0.3603,0.5717,0.6333,1.0,0.4766,0.4,2025-09-08,2025-09-07 19:42:05
PAYTM.NS,0.9251,0.4933,0.37,0.0897,0.3059,0.4395,0.5833,1.0,0.3653,0.6,2025-09-08,2025-09-07 19:42:04
BOSCHLTD.NS,0.9218,0.5303,0.2868,0.06,0.2715,0.3279,0.6167,1.0,0.1882,0.2,2025-09-08,2025-09-07 19:42:04
HBLENGINE.NS,0.9212,0.7224,0.4622,0.1303,0.2162,0.5654,0.6,1.0,0.0,0.1111,2025-09-08,2025-09-07 19:42:05
NETWEB.NS,0.9199,1.1113,0.7392,0.4995,0.2433,0.579,0.5333,1.0,0.1073,0.0,2025-09-08,2025-09-07 19:42:05
ANANDRATHI.NS,0.9197,0.666,0.4199,0.0858,0.2517,0.4531,0.5167,1.0,0.4516,0.2,2025-09-08,2025-09-07 19:42:05
NUVOCO.NS,0.9171,0.445,0.3205,0.0283,0.3593,0.3098,0.6333,1.0,0.3543,0.2,2025-09-08,2025-09-07 19:42:05
KIOCL.NS,0.9118,0.8972,0.5378,0.3722,0.1573,0.4713,0.5,1.0,0.2369,0.4,2025-09-08,2025-09-07 19:42:04
GODFRYPHLP.NS,0.9073,0.5205,0.2926,0.0919,0.1519,0.5225,0.4667,1.0,0.9215,0.6,2025-09-08,2025-09-07 19:42:04
LAURUSLABS.NS,0.8957,0.4138,0.2973,0.0267,0.2735,0.2947,0.5833,1.0,0.6267,0.2,2025-09-08,2025-09-07 19:42:04
GMDCLTD.NS,0.8945,0.77,0.2551,0.1954,0.1257,0.5608,0.5,1.0,0.4591,0.4,2025-09-08,2025-09-07 19:42:05
HEROMOTOCO.NS,0.8922,0.4331,0.2742,0.1406,0.226,0.2975,0.6,1.0,0.1471,0.4,2025-09-08,2025-09-07 19:42:04
TEGA.NS,0.8917,0.4202,0.4062,0.1209,0.2327,0.2915,0.5333,1.0,0.1604,-0.2,2025-09-08,2025-09-07 19:42:05
HYUNDAI.NS,0.8866,0.55,0.2058,0.1331,0.2072,0.3119,0.55,1.0,0.344,0.0,2025-09-08,2025-09-07 19:42:04
ECLERX.NS,0.8793,0.7075,0.2179,0.0705,0.111,0.3393,0.4667,1.0,0.2357,-0.2,2025-09-08,2025-09-07 19:42:05
JMFINANCIL.NS,0.8747,0.9262,0.1826,-0.0077,0.1518,0.6526,0.55,1.0,0.4028,0.2,2025-09-08,2025-09-07 19:42:05
DELHIVERY.NS,0.8742,0.8175,0.2214,0.0127,0.2604,0.5497,0.6167,0.5,0.3541,0.6,2025-09-08,2025-09-07 19:42:04
MAHSCOOTER.NS,0.8706,0.5528,0.1753,0.0543,0.1398,0.4321,0.5333,1.0,0.7668,0.4,2025-09-08,2025-09-07 19:42:05
RBLBANK.NS,0.8703,0.5279,0.1668,0.0999,0.1846,0.4204,0.5167,1.0,0.7525,0.6,2025-09-08,2025-09-07 19:42:05
PARADEEP.NS,0.8675,0.5175,0.2578,0.0093,0.0983,0.6993,0.4833,0.5,0.9209,0.2,2025-09-08,2025-09-07 19:42:05
FORTIS.NS,0.8624,0.4159,0.1985,0.0156,0.2739,0.2922,0.5833,1.0,0.4678,0.4,2025-09-08,2025-09-07 19:42:04
AIIL.NS,0.8573,0.914,0.1321,0.0306,0.1432,0.6699,0.55,1.0,0.9639,0.2,2025-09-08,2025-09-07 19:42:04
UNOMINDA.NS,0.8541,0.478,0.1989,0.1268,0.1821,0.2538,0.5,1.0,0.2408,0.4,2025-09-08,2025-09-07 19:42:04
LTF.NS,0.8508,0.4768,0.1186,0.1411,0.2208,0.3744,0.5333,1.0,0.6644,0.4,2025-09-08,2025-09-07 19:42:04
FORCEMOT.NS,0.8475,0.9927,0.2529,-0.1012,0.1545,0.807,0.5333,0.0,1.53,0.2,2025-09-08,2025-09-07 19:42:05
ABDL.NS,0.8438,0.6385,0.1644,0.0222,0.1598,0.299,0.55,0.5,0.5746,0.0,2025-09-08,2025-09-07 19:42:05
GVT&D.NS,0.8431,0.9805,0.174,-0.0314,0.146,0.5128,0.4833,0.5,0.5275,0.4,2025-09-08,2025-09-07 19:42:04
TVSMOTOR.NS,0.8413,0.3447,0.1875,0.1515,0.2828,0.3185,0.5833,1.0,0.4309,0.4,2025-09-08,2025-09-07 19:42:04
ENDURANCE.NS,0.8406,0.5398,0.124,0.1318,0.1309,0.2787,0.4667,1.0,0.2321,0.0,2025-09-08,2025-09-07 19:42:04
TRANSRAILL.NS,0.8378,0.5568,0.2068,-0.0324,0.1132,0.2629,0.5167,0.5,0.0,0.0,2025-09-08,2025-09-07 19:42:05
STARCEMENT.NS,0.8348,0.3155,0.3798,0.015,0.2423,0.2267,0.55,1.0,0.6621,0.2,2025-09-08,2025-09-07 19:42:05
CRAFTSMAN.NS,0.833,0.4853,0.2511,-0.0357,0.2169,0.204,0.55,0.5,0.3717,0.2,2025-09-08,2025-09-07 19:42:05
VMM.NS,0.8325,0.4161,0.1479,0.0371,0.1933,0.2775,0.5667,1.0,0.0,0.7778,2025-09-08,2025-09-07 19:42:04
NAVA.NS,0.8319,0.4005,0.1609,0.1698,0.1421,0.3502,0.45,1.0,0.3375,0.0,2025-09-08,2025-09-07 19:42:05
CCL.NS,0.8314,0.4952,0.0965,0.0629,0.0956,0.2903,0.45,1.0,0.1578,0.0,2025-09-08,2025-09-07 19:42:05
ACMESOLAR.NS,0.8282,0.4317,0.1992,0.0691,0.1365,0.2369,0.4667,1.0,0.1404,0.0,2025-09-08,2025-09-07 19:42:05
GALLANTT.NS,0.8255,0.4178,0.1876,-0.0264,0.169,0.5267,0.5,0.5,0.974,0.2,2025-09-08,2025-09-07 19:42:05
METROPOLIS.NS,0.8245,0.3416,0.3041,0.0404,0.1836,0.1918,0.5667,1.0,0.018,0.0,2025-09-08,2025-09-07 19:42:05
ZYDUSWELL.NS,0.8222,0.3911,0.2023,0.2571,0.182,0.2392,0.4833,1.0,0.225,0.2,2025-09-08,2025-09-07 19:42:05
GLENMARK.NS,0.8145,0.4919,0.186,0.0047,0.1651,0.2221,0.5,0.5,0.3491,0.2,2025-09-08,2025-09-07 19:42:04
NYKAA.NS,0.8143,0.3074,0.1748,0.1295,0.2108,0.2832,0.6,1.0,0.4271,0.6,2025-09-08,2025-09-07 19:42:04
GPIL.NS,0.8128,0.2551,0.2921,0.1967,0.2132,0.2269,0.5667,1.0,0.2927,0.4,2025-09-08,2025-09-07 19:42:05
OLECTRA.NS,0.8121,0.2945,0.2848,0.0399,0.1562,0.221,0.5,1.0,-0.0278,0.0,2025-09-08,2025-09-07 19:42:05
CHOICEIN.NS,0.8112,0.4766,0.1016,-0.0171,0.135,0.3539,0.4833,0.5,0.4858,0.2,2025-09-08,2025-09-07 19:42:05
POLYCAB.NS,0.8106,0.3874,0.1197,0.0391,0.2312,0.2573,0.6,1.0,0.0339,-0.4,2025-09-08,2025-09-07 19:42:04
RATEGAIN.NS,0.8091,0.3396,0.403,0.2643,0.2403,0.1562,0.4833,1.0,-0.1179,0.0,2025-09-08,2025-09-07 19:42:05
DIACABS.NS,0.8074,0.5158,0.119,-0.0241,0.2254,0.3086,0.5167,0.0,-0.0059,-0.4,2025-09-08,2025-09-07 19:42:05
ABCAPITAL.NS,0.8066,0.4742,0.0154,0.0295,0.1223,0.3813,0.5,1.0,0.4539,0.4,2025-09-08,2025-09-07 19:42:04
INDIACEM.NS,0.8062,0.3845,0.182,0.0732,0.1437,0.2226,0.5333,1.0,0.0993,0.6,2025-09-08,2025-09-07 19:42:05
WAAREEENER.NS,0.8026,0.4514,0.0927,0.1169,0.0837,0.256,0.4667,1.0,0.2347,0.2,2025-09-08,2025-09-07 19:42:04
KAYNES.NS,0.7961,0.2409,0.1876,0.1201,0.1667,0.2911,0.55,1.0,0.1617,0.4,2025-09-08,2025-09-07 19:42:04
CUMMINSIND.NS,0.7942,0.3555,0.1767,0.0363,0.2694,0.2023,0.4833,1.0,0.1382,0.2,2025-09-08,2025-09-07 19:42:04
FACT.NS,0.7915,0.4722,0.025,0.0273,-0.0163,0.2966,0.3833,1.0,0.1408,0.2,2025-09-08,2025-09-07 19:42:04
SCHNEIDER.NS,0.7862,0.4415,0.1083,0.0184,0.1283,0.2532,0.55,0.5,0.0687,0.0,2025-09-08,2025-09-07 19:42:04
KAJARIACER.NS,0.7731,0.5136,0.0931,-0.0353,0.147,0.1926,0.5167,0.5,-0.0016,0.2,2025-09-08,2025-09-07 19:42:04
LEMONTREE.NS,0.7729,0.2312,0.2675,0.2059,0.1913,0.1839,0.4667,1.0,0.3365,0.6,2025-09-08,2025-09-07 19:42:05
HDFCAMC.NS,0.7726,0.3789,0.1023,0.0188,0.1351,0.2734,0.5167,0.5,0.3435,0.2,2025-09-08,2025-09-07 19:42:04
DIXON.NS,0.7723,0.1949,0.2463,0.1019,0.216,0.2033,0.6167,1.0,0.1424,0.0,2025-09-08,2025-09-07 19:42:04
KPIL.NS,0.7701,0.428,0.0325,0.0297,0.0854,0.2426,0.4667,1.0,0.1284,0.2,2025-09-08,2025-09-07 19:42:04
TECHNOE.NS,0.7654,0.4724,-0.0143,0.0094,0.0341,0.3488,0.5167,0.5,0.0179,0.2,2025-09-08,2025-09-07 19:42:04
ARVINDFASN.NS,0.7653,0.343,0.1231,0.0865,0.0987,0.2096,0.5333,1.0,-0.0503,0.0,2025-09-08,2025-09-07 19:42:05
KEI.NS,0.7651,0.4752,0.0695,0.0584,0.1085,0.1611,0.4833,1.0,-0.0646,-0.2,2025-09-08,2025-09-07 19:42:04
DALBHARAT.NS,0.7638,0.2925,0.0996,0.0615,0.1951,0.2479,0.5,1.0,0.3155,0.6,2025-09-08,2025-09-07 19:42:04
EICHERMOT.NS,0.759,0.2055,0.1878,0.1416,0.3665,0.1834,0.6167,1.0,0.3554,0.2,2025-09-08,2025-09-07 19:42:04
SUNDARMHLD.NS,0.7577,0.5099,-0.0645,0.0154,0.067,0.3954,0.4833,0.5,0.557,0.0,2025-09-08,2025-09-07 19:42:05
M&M.NS,0.7569,0.3573,0.1168,0.0911,0.1934,0.1709,0.5,1.0,0.1953,0.4,2025-09-08,2025-09-07 19:42:04
VARROC.NS,0.7566,0.4385,0.0435,0.1638,0.0903,0.2471,0.5167,0.5,0.1846,0.2,2025-09-08,2025-09-07 19:42:05
TBOTEK.NS,0.7549,0.4123,0.171,0.072,0.1159,0.1013,0.4667,1.0,-0.0086,0.0,2025-09-08,2025-09-07 19:42:04
TVSHLTD.NS,0.7544,0.3593,0.1124,0.0531,0.0826,0.1971,0.4167,1.0,0.0215,0.2,2025-09-08,2025-09-07 19:42:04
SHRIPISTON.NS,0.7518,0.4029,0.0781,0.0514,0.0633,0.1942,0.3833,1.0,0.2542,0.2,2025-09-08,2025-09-07 19:42:05
MARUTI.NS,0.7513,0.2707,0.1848,0.1521,0.2383,0.1495,0.5667,1.0,0.3623,0.4,2025-09-08,2025-09-07 19:42:04
RTNINDIA.NS,0.7502,0.4544,0.0241,0.2169,0.0238,0.2637,0.3833,0.5,-0.03,-0.2,2025-09-08,2025-09-07 19:42:05
STAR.NS,0.7495,0.4463,0.0096,-0.0037,0.0437,0.2598,0.5167,0.5,-0.4141,0.0,2025-09-08,2025-09-07 19:42:05
ASTERDM.NS,0.7481,0.3035,0.0705,0.0535,0.1094,0.2428,0.4833,1.0,0.3444,0.4,2025-09-08,2025-09-07 19:42:04
MUTHOOTFIN.NS,0.7419,0.3968,0.0956,0.0264,0.1108,0.1484,0.4167,1.0,0.4764,0.4,2025-09-08,2025-09-07 19:42:04
POWERINDIA.NS,0.7374,0.5012,-0.029,-0.0747,0.0801,0.2847,0.45,0.0,0.5551,0.2,2025-09-08,2025-09-07 19:42:04
EIDPARRY.NS,0.7357,0.3212,0.0919,-0.0427,0.1049,0.321,0.5167,0.0,0.3059,0.2,2025-09-08,2025-09-07 19:42:05
JKCEMENT.NS,0.7353,0.3131,0.0957,-0.0534,0.1003,0.2986,0.55,0.0,0.5815,0.6,2025-09-08,2025-09-07 19:42:04
MSUMI.NS,0.7333,0.2887,0.1305,0.199,0.1035,0.1771,0.4333,1.0,0.0655,0.2,2025-09-08,2025-09-07 19:42:04
EMCURE.NS,0.733,0.4975,0.031,-0.0529,0.0143,0.2357,0.4833,0.0,0.0019,-0.2,2025-09-08,2025-09-07 19:42:04
CREDITACC.NS,0.7328,0.276,0.131,0.0058,0.1065,0.2401,0.4667,0.5,0.3651,0.4,2025-09-08,2025-09-07 19:42:04
TANLA.NS,0.7248,0.3745,0.017,0.0777,-0.0136,0.2647,0.45,0.5,-0.0472,0.0,2025-09-08,2025-09-07 19:42:05
SWIGGY.NS,0.7246,0.3166,0.0851,0.1038,0.1756,0.1434,0.5667,1.0,-0.1188,-0.2,2025-09-08,2025-09-07 19:42:04
SUPREMEIND.NS,0.7245,0.3594,0.0442,0.0629,0.076,0.181,0.4167,1.0,0.003,-0.4,2025-09-08,2025-09-07 19:42:04
PVRINOX.NS,0.7211,0.2504,0.1846,0.0615,0.1531,0.1112,0.5333,1.0,-0.2262,-0.2,2025-09-08,2025-09-07 19:42:05
THOMASCOOK.NS,0.721,0.2818,0.0831,0.1261,0.0684,0.1868,0.5167,1.0,-0.1271,0.0,2025-09-08,2025-09-07 19:42:05
NAM-INDIA.NS,0.721,0.3946,0.0192,-0.005,0.0986,0.2732,0.5,0.0,0.1634,0.4,2025-09-08,2025-09-07 19:42:04
EDELWEISS.NS,0.7199,0.4292,0.0658,0.2084,0.068,0.1559,0.4833,0.5,0.034,-0.2,2025-09-08,2025-09-07 19:42:05
CHALET.NS,0.7166,0.2329,0.1177,0.0979,0.1522,0.1666,0.5333,1.0,0.1657,0.2,2025-09-08,2025-09-07 19:42:04
NEULANDLAB.NS,0.7129,0.1502,0.2173,0.0957,0.0596,0.1644,0.45,1.0,-0.0938,-0.2,2025-09-08,2025-09-07 19:42:05
OLAELEC.NS,0.7122,0.1977,0.395,0.4575,0.1019,0.0687,0.3333,1.0,-0.3166,0.4,2025-09-08,2025-09-07 19:42:04
TIMETECHNO.NS,0.7121,0.3327,0.0462,0.0718,0.0869,0.1489,0.5667,1.0,0.1195,0.2,2025-09-08,2025-09-07 19:42:05
NATIONALUM.NS,0.7121,0.4029,0.0973,0.1325,0.1353,0.0527,0.5333,1.0,-0.1047,0.2,2025-09-08,2025-09-07 19:42:04
JSL.NS,0.7108,0.3624,0.095,0.0412,0.0515,0.0996,0.5,1.0,0.1093,0.0,2025-09-08,2025-09-07 19:42:04
ABSLAMC.NS,0.7103,0.3557,0.0974,-0.0287,0.0882,0.2128,0.5167,0.0,-0.0347,0.0,2025-09-08,2025-09-07 19:42:04
DODLA.NS,0.7092,0.2618,0.0115,0.1189,0.0987,0.2766,0.5833,0.5,0.185,0.2,2025-09-08,2025-09-07 19:42:05
ANURAS.NS,0.7087,0.4821,-0.0131,-0.0384,0.0214,0.2243,0.4667,0.0,0.5385,-0.2,2025-09-08,2025-09-07 19:42:05
MANAPPURAM.NS,0.7079,0.2701,0.0451,0.0748,0.0593,0.2017,0.4667,1.0,0.8602,0.6,2025-09-08,2025-09-07 19:42:05
ASTRAMICRO.NS,0.705,0.3497,-0.0524,0.0047,-0.0763,0.3272,0.4667,0.5,0.3174,-0.2,2025-09-08,2025-09-07 19:42:05
ASHOKLEY.NS,0.7049,0.2446,0.0561,0.0777,0.1198,0.1912,0.4833,1.0,0.1391,0.0,2025-09-08,2025-09-07 19:42:04
MOTILALOFS.NS,0.7016,0.3828,0.0176,-0.0594,0.0507,0.249,0.4667,0.0,-0.032,-0.4,2025-09-08,2025-09-07 19:42:04
SENCO.NS,0.6985,0.1415,0.0976,0.071,0.0777,0.2305,0.4333,1.0,-0.3285,0.2,2025-09-08,2025-09-07 19:42:05
PGHL.NS,0.6958,0.245,0.1121,0.0344,0.1376,0.1192,0.5,1.0,0.2845,0.6,2025-09-08,2025-09-07 19:42:05
BEML.NS,0.6953,0.3312,-0.0808,0.0087,-0.0064,0.3518,0.4667,0.5,-0.0178,0.2,2025-09-08,2025-09-07 19:42:05
MEDANTA.NS,0.6934,0.1004,0.2383,0.0214,0.1636,0.1057,0.55,1.0,0.3037,0.2,2025-09-08,2025-09-07 19:42:04
JKPAPER.NS,0.6918,0.2478,0.0983,0.1348,0.0587,0.1987,0.45,0.5,-0.0485,-0.2,2025-09-08,2025-09-07 19:42:05
HONASA.NS,0.6899,0.317,-0.0344,0.0798,-0.0246,0.2035,0.4667,1.0,0.3139,0.0,2025-09-08,2025-09-07 19:42:05
UTIAMC.NS,0.6899,0.3176,0.0583,-0.0081,0.0737,0.2271,0.5,0.0,0.0336,0.2,2025-09-08,2025-09-07 19:42:05
ASKAUTOLTD.NS,0.6897,0.2956,0.0542,0.1352,0.1546,0.1691,0.5167,0.5,0.1732,0.0,2025-09-08,2025-09-07 19:42:05
LALPATHLAB.NS,0.6886,0.1853,0.1843,-0.0292,0.1081,0.1564,0.4667,0.5,0.0785,0.2,2025-09-08,2025-09-07 19:42:04
USHAMART.NS,0.688,0.2328,0.1166,0.0816,0.1965,0.0949,0.5,1.0,-0.01,0.2,2025-09-08,2025-09-07 19:42:05
MFSL.NS,0.6872,0.319,-0.0353,-0.0136,0.0611,0.2869,0.5833,0.0,0.327,0.2,2025-09-08,2025-09-07 19:42:04
CGPOWER.NS,0.6869,0.2524,0.0937,0.1082,0.1043,0.1131,0.5,1.0,-0.0325,-0.2,2025-09-08,2025-09-07 19:42:04
NIACL.NS,0.6839,0.2194,0.0597,0.0669,0.0292,0.1804,0.4167,1.0,0.03,0.4,2025-09-08,2025-09-07 19:42:04
JIOFIN.NS,0.6823,0.3498,0.0237,-0.0623,0.036,0.2242,0.4667,0.0,-0.0477,0.0,2025-09-08,2025-09-07 19:42:04
INDIANB.NS,0.6796,0.2602,0.0458,-0.0047,0.0839,0.1938,0.4833,0.5,0.2191,0.4,2025-09-08,2025-09-07 19:42:04
DMART.NS,0.6793,0.1394,0.1123,0.1014,0.1746,0.1507,0.4833,1.0,0.311,0.2,2025-09-08,2025-09-07 19:42:04
KIMS.NS,0.6782,0.1737,0.0935,-0.0067,0.1091,0.1962,0.6,0.5,0.2575,0.4,2025-09-08,2025-09-07 19:42:04
RELAXO.NS,0.6755,0.2094,0.1779,0.1456,0.1015,0.1099,0.5,0.5,-0.2335,0.0,2025-09-08,2025-09-07 19:42:04
JPPOWER.NS,0.6745,0.2497,0.0612,0.0275,0.0484,0.1914,0.4167,0.5,0.0979,0.2,2025-09-08,2025-09-07 19:42:05
HINDUNILVR.NS,0.674,0.1246,0.1522,0.0594,0.1773,0.1143,0.5,1.0,0.0679,0.2,2025-09-08,2025-09-07 19:42:04
APARINDS.NS,0.6716,0.5489,-0.097,-0.0911,0.0007,0.1973,0.4333,0.0,-0.2056,-0.2,2025-09-08,2025-09-07 19:42:04
DABUR.NS,0.6699,0.1663,0.1474,0.0921,0.1978,0.0605,0.6167,1.0,0.0475,0.0,2025-09-08,2025-09-07 19:42:04
SARDAEN.NS,0.6693,0.1741,0.2808,0.0288,0.1367,0.0299,0.5167,0.5,0.3179,0.0,2025-09-08,2025-09-07 19:42:05
ESCORTS.NS,0.6683,0.134,0.1056,0.086,0.178,0.1328,0.4833,1.0,0.0346,0.6,2025-09-08,2025-09-07 19:42:04
BAJAJ-AUTO.NS,0.6669,0.1638,0.0761,0.1049,0.1157,0.133,0.5667,1.0,0.0125,0.0,2025-09-08,2025-09-07 19:42:04
GLAND.NS,0.6669,0.3459,0.0711,-0.0374,0.1567,0.1204,0.55,0.0,0.1107,0.4,2025-09-08,2025-09-07 19:42:04
MRF.NS,0.6656,0.2063,0.0404,0.0691,0.0935,0.2039,0.4667,0.5,0.1906,0.4,2025-09-08,2025-09-07 19:42:04
SKFINDIA.NS,0.6642,0.2641,0.037,0.0999,0.0565,0.1681,0.4667,0.5,-0.0185,-0.2,2025-09-08,2025-09-07 19:42:04
ASAHIINDIA.NS,0.6633,0.2094,0.1309,-0.0288,0.0741,0.1831,0.5,0.0,0.1994,0.0,2025-09-08,2025-09-07 19:42:05
APOLLOHOSP.NS,0.6622,0.1354,0.104,0.0024,0.1288,0.1334,0.4333,1.0,0.1244,0.4,2025-09-08,2025-09-07 19:42:04
JINDALSTEL.NS,0.6607,0.2241,0.0834,0.0606,0.1061,0.0764,0.5167,1.0,0.163,0.2,2025-09-08,2025-09-07 19:42:04
GILLETTE.NS,0.658,0.3173,-0.0262,0.023,0.0301,0.1682,0.4833,0.5,0.0724,0.0,2025-09-08,2025-09-07 19:42:04
ERIS.NS,0.657,0.2549,0.0717,0.0294,-0.0206,0.1975,0.5167,0.0,0.1866,0.2,2025-09-08,2025-09-07 19:42:04
LXCHEM.NS,0.6556,0.2354,0.0743,0.1586,0.0342,0.0945,0.3667,1.0,-0.1902,0.4,2025-09-08,2025-09-07 19:42:05
AADHARHFC.NS,0.6554,0.093,0.1514,0.0202,0.1616,0.0959,0.5,1.0,0.2059,0.0,2025-09-08,2025-09-07 19:42:04
SCI.NS,0.6542,0.2443,-0.0279,0.0407,0.0442,0.2146,0.45,0.5,-0.0632,0.0,2025-09-08,2025-09-07 19:42:05
EIHOTEL.NS,0.6541,0.1202,0.1351,0.0508,0.0956,0.0959,0.5167,1.0,0.1182,0.2,2025-09-08,2025-09-07 19:42:04
HINDALCO.NS,0.6536,0.2151,0.0867,0.0716,0.19,0.0461,0.5333,1.0,0.1352,0.2,2025-09-08,2025-09-07 19:42:04
NMDC.NS,0.6521,0.1609,0.0719,0.0746,0.0558,0.1176,0.5333,1.0,0.0307,0.0,2025-09-08,2025-09-07 19:42:04
GRSE.NS,0.652,0.4259,-0.188,-0.0641,-0.1074,0.4391,0.4,0.0,0.4618,0.2,2025-09-08,2025-09-07 19:42:04
WHIRLPOOL.NS,0.6495,0.2258,-0.0372,0.0923,0.0193,0.2246,0.4833,0.5,-0.2466,0.2,2025-09-08,2025-09-07 19:42:04
SAILIFE.NS,0.6485,0.1154,0.1484,-0.0311,0.1097,0.1268,0.5667,0.5,0.0,0.5556,2025-09-08,2025-09-07 19:42:05
ACI.NS,0.6479,0.1257,0.0887,0.0168,0.0795,0.1232,0.4667,1.0,-0.0058,-0.2,2025-09-08,2025-09-07 19:42:05
GSFC.NS,0.6477,0.1509,0.0685,0.0554,0.0367,0.1305,0.45,1.0,0.0468,-0.2,2025-09-08,2025-09-07 19:42:05
IIFLCAPS.NS,0.646,0.4465,-0.1421,-0.0762,-0.0712,0.2255,0.4167,0.0,-0.079,-0.2,2025-09-08,2025-09-07 19:42:05
BRITANNIA.NS,0.6457,0.1427,0.0571,0.1468,0.1257,0.1666,0.6,0.5,0.2361,0.4,2025-09-08,2025-09-07 19:42:04
ASIANPAINT.NS,0.6455,0.0787,0.1276,0.021,0.24,0.0813,0.55,1.0,0.0457,0.4,2025-09-08,2025-09-07 19:42:04
AMBER.NS,0.6455,0.1334,0.149,0.131,0.138,0.101,0.5667,0.5,0.2039,0.2,2025-09-08,2025-09-07 19:42:04
DATAPATTNS.NS,0.645,0.3181,-0.1349,-0.0193,-0.1061,0.3133,0.55,0.0,0.0229,0.0,2025-09-08,2025-09-07 19:42:05
JKLAKSHMI.NS,0.6448,0.1297,0.1079,0.0358,0.1124,0.1475,0.5,0.5,0.1958,0.4,2025-09-08,2025-09-07 19:42:05
RADICO.NS,0.6445,0.1619,0.0486,-0.0205,0.1049,0.1665,0.55,0.5,0.1733,0.4,2025-09-08,2025-09-07 19:42:04
MHRIL.NS,0.6416,0.1843,0.0517,0.0094,0.0536,0.0981,0.4833,1.0,-0.0125,0.2,2025-09-08,2025-09-07 19:42:05
STARHEALTH.NS,0.6393,0.1606,0.0498,0.014,-0.0196,0.1304,0.4333,1.0,-0.0262,0.0,2025-09-08,2025-09-07 19:42:04
ZYDUSLIFE.NS,0.6383,0.1625,0.0455,0.0265,0.0692,0.0961,0.5833,1.0,0.0796,0.4,2025-09-08,2025-09-07 19:42:04
APOLLOTYRE.NS,0.638,0.1134,0.0947,0.1189,0.0772,0.1001,0.5,1.0,-0.0473,-0.2,2025-09-08,2025-09-07 19:42:04
MPHASIS.NS,0.6372,0.2582,0.019,0.0292,0.0816,0.1275,0.3833,0.5,-0.0535,-0.2,2025-09-08,2025-09-07 19:42:04
NSLNISP.NS,0.6353,0.1989,0.0378,0.0616,0.0478,0.0966,0.3833,1.0,-0.074,0.0,2025-09-08,2025-09-07 19:42:05
TATASTEEL.NS,0.6347,0.2588,0.0452,0.0805,0.1045,0.076,0.55,0.5,0.1881,0.0,2025-09-08,2025-09-07 19:42:04
RAYMONDLSL.NS,0.6345,0.1817,0.1317,0.1839,0.0655,0.0827,0.4333,0.5,-0.4018,0.2,2025-09-08,2025-09-07 19:42:05
IDFCFIRSTB.NS,0.6312,0.1766,0.0135,0.0561,0.0399,0.1697,0.5,0.5,0.1359,0.0,2025-09-08,2025-09-07 19:42:04
EXIDEIND.NS,0.6294,0.0945,0.0687,0.104,0.0692,0.1191,0.4667,1.0,-0.0662,0.0,2025-09-08,2025-09-07 19:42:04
RCF.NS,0.6289,0.1832,0.0026,0.0845,-0.0041,0.18,0.4667,0.5,-0.0478,0.0,2025-09-08,2025-09-07 19:42:05
ALKEM.NS,0.6284,0.0868,0.1047,-0.0016,0.1265,0.0693,0.5833,1.0,-0.011,0.0,2025-09-08,2025-09-07 19:42:04
SPLPETRO.NS,0.6252,0.2641,-0.0924,0.0729,0.0412,0.1869,0.4167,0.5,0.1115,0.0,2025-09-08,2025-09-07 19:42:05
VIJAYA.NS,0.6248,0.1119,0.1137,0.0561,0.1226,0.05,0.4667,1.0,-0.0383,0.2,2025-09-08,2025-09-07 19:42:05
ADANIPOWER.NS,0.6248,0.1256,0.0556,0.0449,0.0895,0.0924,0.4667,1.0,0.1668,0.4,2025-09-08,2025-09-07 19:42:04
BIKAJI.NS,0.6237,0.1209,0.0685,0.1104,0.0717,0.0961,0.3833,1.0,-0.0122,-0.2,2025-09-08,2025-09-07 19:42:04
PRUDENT.NS,0.6229,0.2155,0.0092,0.0109,-0.0139,0.1968,0.4833,0.0,-0.1021,0.4,2025-09-08,2025-09-07 19:42:05
CHENNPETRO.NS,0.6222,0.1416,0.0531,0.1084,0.0488,0.142,0.4833,0.5,0.1377,0.0,2025-09-08,2025-09-07 19:42:05
IIFL.NS,0.6221,0.3117,-0.0878,-0.0129,-0.0471,0.2093,0.4833,0.0,0.0375,0.2,2025-09-08,2025-09-07 19:42:04
IFBIND.NS,0.62,0.1326,-0.0413,0.1771,-0.0203,0.1813,0.4,1.0,-0.0941,-0.2,2025-09-08,2025-09-07 19:42:05
EMIL.NS,0.6196,0.2041,0.0076,0.254,0.0793,0.1257,0.45,0.5,-0.133,0.4,2025-09-08,2025-09-07 19:42:05
TITAN.NS,0.6187,0.1215,-0.0064,0.0489,0.0878,0.1188,0.5667,1.0,0.1153,0.4,2025-09-08,2025-09-07 19:42:04
POONAWALLA.NS,0.6184,0.1321,-0.0376,-0.0505,0.0296,0.2738,0.5,0.0,0.1933,0.2,2025-09-08,2025-09-07 19:42:04
DHANUKA.NS,0.6178,0.2352,-0.022,0.0055,-0.011,0.195,0.4833,0.0,0.0452,0.2,2025-09-08,2025-09-07 19:42:05
GRINFRA.NS,0.617,0.1797,0.0148,0.0201,-0.0437,0.1595,0.4,0.5,-0.1871,0.0,2025-09-08,2025-09-07 19:42:05
CENTURYPLY.NS,0.616,0.1073,0.0922,0.1088,0.079,0.0631,0.4167,1.0,0.1035,0.0,2025-09-08,2025-09-07 19:42:04
TORNTPHARM.NS,0.6149,0.1145,0.1122,-0.0108,0.1354,0.0811,0.4833,0.5,0.1223,0.2,2025-09-08,2025-09-07 19:42:04
CUB.NS,0.6136,0.1939,-0.0156,-0.0533,0.039,0.2004,0.4833,0.0,0.1326,0.2,2025-09-08,2025-09-07 19:42:05
POWERMECH.NS,0.6135,0.1201,-0.031,-0.0271,0.0079,0.2653,0.5333,0.0,0.1163,-0.2,2025-09-08,2025-09-07 19:42:05
AFFLE.NS,0.6127,0.2528,-0.0131,-0.0172,0.0253,0.1645,0.4167,0.0,0.2031,0.0,2025-09-08,2025-09-07 19:42:04
TTKPRESTIG.NS,0.6116,0.0271,0.0969,0.0733,0.1888,0.0707,0.55,1.0,-0.2158,-0.2,2025-09-08,2025-09-07 19:42:05
INDIAMART.NS,0.6115,0.2154,-0.0282,0.0067,0.036,0.1905,0.4833,0.0,0.0962,0.0,2025-09-08,2025-09-07 19:42:05
BSE.NS,0.6102,0.1705,-0.1712,-0.0641,-0.0954,0.3932,0.4667,0.5,0.5579,0.2,2025-09-08,2025-09-07 19:42:04
CGCL.NS,0.61,0.152,0.0859,-0.0025,0.055,0.0759,0.5,0.5,-0.1305,0.2,2025-09-08,2025-09-07 19:42:05
SANSERA.NS,0.6087,0.2082,-0.0073,0.065,0.0418,0.1033,0.55,0.5,-0.1384,0.2,2025-09-08,2025-09-07 19:42:05
FINPIPE.NS,0.6084,0.2001,-0.0085,0.1506,0.003,0.1244,0.4833,0.5,-0.2032,0.2,2025-09-08,2025-09-07 19:42:04
APTUS.NS,0.6083,0.0979,0.0583,-0.0466,0.0647,0.0712,0.5,1.0,0.0811,0.2,2025-09-08,2025-09-07 19:42:05
LTFOODS.NS,0.6076,0.2576,-0.0073,-0.0314,-0.0151,0.1494,0.4333,0.0,0.2315,0.1,2025-09-08,2025-09-07 19:42:05
KARURVYSYA.NS,0.6068,0.1898,0.0053,-0.035,0.0536,0.1636,0.5167,0.0,0.0917,0.0,2025-09-08,2025-09-07 19:42:04
SHILPAMED.NS,0.6067,0.2812,-0.0208,-0.0756,-0.0965,0.1537,0.45,0.0,-0.061,0.6,2025-09-08,2025-09-07 19:42:05
YESBANK.NS,0.6067,0.1667,0.0179,0.0884,0.0075,0.1284,0.4333,0.5,0.0089,0.0,2025-09-08,2025-09-07 19:42:04
ULTRACEMCO.NS,0.6065,0.0813,0.0603,0.0223,0.189,0.1108,0.5333,0.5,0.1375,0.4,2025-09-08,2025-09-07 19:42:04
MAHLIFE.NS,0.6057,0.1677,0.0143,0.0666,0.067,0.1073,0.5167,0.5,-0.2509,0.0,2025-09-08,2025-09-07 19:42:05
EUREKAFORB.NS,0.6043,0.2079,-0.0011,0.0893,0.0086,0.102,0.4833,0.5,0.0366,0.2,2025-09-08,2025-09-07 19:42:05
KIRLOSBROS.NS,0.6043,0.217,-0.058,0.0624,0.0593,0.1377,0.4333,0.5,-0.1451,0.2,2025-09-08,2025-09-07 19:42:05
RUSTOMJEE.NS,0.6038,0.1752,0.0795,-0.0495,0.1019,0.0991,0.5167,0.0,-0.1402,0.0,2025-09-08,2025-09-07 19:42:05
SHOPERSTOP.NS,0.6038,0.0499,0.0807,0.0647,0.0679,0.0684,0.5667,1.0,-0.0994,0.0,2025-09-08,2025-09-07 19:42:05
MARICO.NS,0.6037,0.0382,0.0176,0.0298,0.1013,0.1251,0.5333,1.0,0.1432,0.4,2025-09-08,2025-09-07 19:42:04
MIDHANI.NS,0.6015,0.3527,-0.1299,-0.0463,-0.0789,0.1899,0.3167,0.0,0.1208,0.0,2025-09-08,2025-09-07 19:42:05
DCMSHRIRAM.NS,0.6011,0.1823,0.0408,-0.027,0.081,0.118,0.55,0.0,0.101,0.2,2025-09-08,2025-09-07 19:42:05
IGL.NS,0.601,0.1949,0.0265,0.0478,0.0599,0.07,0.5,0.5,0.3387,0.2,2025-09-08,2025-09-07 19:42:04
METROBRAND.NS,0.5997,0.1275,0.0843,0.1201,0.0198,0.0806,0.4667,0.5,0.0123,-0.2,2025-09-08,2025-09-07 19:42:04
CDSL.NS,0.599,0.2526,-0.1199,-0.0223,-0.0487,0.2225,0.4833,0.0,-0.0497,-0.2,2025-09-08,2025-09-07 19:42:04
EPL.NS,0.5989,0.2208,-0.0204,0.0088,-0.025,0.1013,0.4833,0.5,-0.1233,0.0,2025-09-08,2025-09-07 19:42:05
VOLTAS.NS,0.5988,0.1164,0.0868,0.1228,0.1222,-0.0022,0.5333,1.0,-0.1345,-0.6,2025-09-08,2025-09-07 19:42:04
LATENTVIEW.NS,0.5987,0.1081,0.0506,0.0746,0.0614,0.1114,0.4667,0.5,-0.054,0.0,2025-09-08,2025-09-07 19:42:05
SAMMAANCAP.NS,0.5981,0.2034,-0.0378,0.1664,0.0469,0.1207,0.4167,0.5,-0.1607,0.2,2025-09-08,2025-09-07 19:42:05
POLICYBZR.NS,0.5977,0.1289,-0.0031,-0.0032,-0.0157,0.1529,0.45,0.5,-0.0084,-0.2,2025-09-08,2025-09-07 19:42:04
RELIGARE.NS,0.5965,0.1456,0.1259,-0.0143,0.0679,0.0137,0.5,0.5,0.0143,0.0,2025-09-08,2025-09-07 19:42:05
PURVA.NS,0.5957,0.2677,-0.0186,0.0005,-0.0251,0.0704,0.3833,0.5,-0.2344,0.2,2025-09-08,2025-09-07 19:42:05
RRKABEL.NS,0.5955,0.3253,-0.1068,-0.0173,-0.1067,0.1697,0.4167,0.0,-0.1756,-0.2,2025-09-08,2025-09-07 19:42:04
KIRLOSENG.NS,0.5955,0.1912,0.006,-0.0371,-0.0077,0.1601,0.4,0.0,-0.2201,0.2,2025-09-08,2025-09-07 19:42:04
LTIM.NS,0.5943,0.2188,-0.0294,0.0209,-0.0491,0.0952,0.55,0.5,-0.1596,-0.2,2025-09-08,2025-09-07 19:42:04
JKTYRE.NS,0.5936,0.1647,-0.0136,0.114,-0.0571,0.1371,0.4167,0.5,-0.0672,0.0,2025-09-08,2025-09-07 19:42:05
CANBK.NS,0.5931,0.1985,-0.0344,-0.0184,-0.0355,0.1823,0.4333,0.0,0.0939,0.0,2025-09-08,2025-09-07 19:42:04
MANKIND.NS,0.5917,0.0494,0.1053,0.0293,0.0732,0.0891,0.4833,0.5,-0.0043,-0.2,2025-09-08,2025-09-07 19:42:04
ITI.NS,0.591,0.2039,-0.0407,0.0556,-0.0426,0.1257,0.3833,0.5,0.1157,0.0,2025-09-08,2025-09-07 19:42:04
PNCINFRA.NS,0.5909,0.1467,0.0259,0.0091,0.0115,0.0958,0.45,0.5,0.06,0.2,2025-09-08,2025-09-07 19:42:05
SUNTECK.NS,0.5905,0.145,0.0219,0.2013,0.0216,0.0994,0.4333,0.5,-0.1166,0.0,2025-09-08,2025-09-07 19:42:05
BIRLACORPN.NS,0.5884,0.1345,-0.0233,0.0118,-0.0382,0.1409,0.5,0.5,0.1175,0.0,2025-09-08,2025-09-07 19:42:05
NIVABUPA.NS,0.587,0.1365,0.0338,0.0344,0.035,0.0811,0.4667,0.5,0.1277,0.2,2025-09-08,2025-09-07 19:42:05
FINEORG.NS,0.5863,0.1163,-0.0104,0.0078,0.0178,0.1365,0.4333,0.5,-0.0604,-0.2,2025-09-08,2025-09-07 19:42:05
CEATLTD.NS,0.5857,0.166,-0.052,0.0847,-0.0691,0.1501,0.4167,0.5,0.1383,0.0,2025-09-08,2025-09-07 19:42:05
JSWSTEEL.NS,0.5854,0.0692,0.0438,0.0281,0.1262,0.0334,0.5333,1.0,0.1124,0.2,2025-09-08,2025-09-07 19:42:04
ITDCEM.NS,0.5849,0.3647,-0.1724,-0.0567,-0.0166,0.15,0.4333,0.0,0.431,0.2,2025-09-08,2025-09-07 19:42:05
FIRSTCRY.NS,0.5848,0.1816,0.0078,0.0795,0.0414,0.019,0.3333,1.0,-0.3196,0.0,2025-09-08,2025-09-07 19:42:04
RAMCOCEM.NS,0.5845,0.1017,0.0166,-0.0007,0.0205,0.1687,0.5333,0.0,0.0917,0.2,2025-09-08,2025-09-07 19:42:04
BEL.NS,0.5837,0.2685,-0.0915,-0.0343,-0.041,0.1643,0.3667,0.0,0.2189,0.0,2025-09-08,2025-09-07 19:42:04
PRESTIGE.NS,0.5827,0.263,-0.109,-0.0544,-0.0733,0.1795,0.4167,0.0,-0.071,0.0,2025-09-08,2025-09-07 19:42:04
PIDILITIND.NS,0.582,0.0452,0.0354,0.0033,0.0504,0.0709,0.4667,1.0,0.0266,0.0,2025-09-08,2025-09-07 19:42:04
DEVYANI.NS,0.5818,0.0996,0.0474,0.16,0.0729,0.0756,0.4833,0.5,0.0845,0.0,2025-09-08,2025-09-07 19:42:04
SHYAMMETL.NS,0.5812,0.0647,0.0788,-0.0281,0.1156,0.0645,0.5,0.5,0.1067,0.2,2025-09-08,2025-09-07 19:42:04
ENGINERSIN.NS,0.5806,0.204,-0.1257,0.0711,-0.0635,0.1606,0.4833,0.5,0.0222,0.0,2025-09-08,2025-09-07 19:42:05
PNGJL.NS,0.5805,0.1266,0.0237,0.0503,-0.0021,0.0894,0.45,0.5,-0.0998,0.0,2025-09-08,2025-09-07 19:42:05
RTNPOWER.NS,0.5803,0.2354,-0.1142,0.0382,-0.0519,0.1418,0.35,0.5,-0.0581,-0.2,2025-09-08,2025-09-07 19:42:05
SBILIFE.NS,0.5793,0.1558,-0.0294,-0.0188,0.0417,0.1503,0.5333,0.0,0.202,0.4,2025-09-08,2025-09-07 19:42:04
KSB.NS,0.579,0.1317,0.0208,0.0255,-0.0119,0.0862,0.45,0.5,-0.0167,0.2,2025-09-08,2025-09-07 19:42:05
SBFC.NS,0.5789,0.1858,-0.0024,0.0287,-0.0313,0.1272,0.4667,0.0,0.2134,0.2,2025-09-08,2025-09-07 19:42:05
BLUESTARCO.NS,0.578,-0.0353,0.1753,0.0883,0.1708,-0.0204,0.5167,1.0,0.0555,0.4,2025-09-08,2025-09-07 19:42:04
SAIL.NS,0.5776,0.1417,-0.0323,0.0742,0.0044,0.1132,0.4667,0.5,0.1122,-0.2,2025-09-08,2025-09-07 19:42:04
BHARTIHEXA.NS,0.5774,0.1644,-0.0299,0.0281,-0.0016,0.1575,0.45,0.0,0.3324,0.0,2025-09-08,2025-09-07 19:42:04
BIOCON.NS,0.5768,0.1065,0.0382,0.0116,0.0408,0.0656,0.5333,0.5,0.0146,-0.2,2025-09-08,2025-09-07 19:42:04
VEDL.NS,0.5761,0.1863,0.0148,0.0744,0.0296,0.0313,0.5,0.5,0.0725,0.0,2025-09-08,2025-09-07 19:42:04
CAPLIPOINT.NS,0.5722,0.1077,0.024,-0.0024,0.0165,0.0737,0.5,0.5,0.0242,0.0,2025-09-08,2025-09-07 19:42:05
MMTC.NS,0.5721,0.2263,-0.0912,0.0414,-0.0771,0.119,0.3167,0.5,-0.1723,0.2,2025-09-08,2025-09-07 19:42:05
GODIGIT.NS,0.5713,0.2172,-0.0069,-0.0094,0.0395,0.0792,0.45,0.0,0.0523,-0.2,2025-09-08,2025-09-07 19:42:04
REDTAPE.NS,0.5706,0.0266,0.1425,0.2111,0.0834,0.0333,0.4,0.5,-0.265,0.2,2025-09-08,2025-09-07 19:42:05
HOMEFIRST.NS,0.5684,0.1114,-0.091,0.0073,0.0269,0.1418,0.5833,0.5,0.1557,0.4,2025-09-08,2025-09-07 19:42:05
GRASIM.NS,0.5674,0.0366,-0.0226,0.0156,0.0771,0.0816,0.4833,1.0,0.0748,0.2,2025-09-08,2025-09-07 19:42:04
NETWORK18.NS,0.567,0.2381,-0.09,-0.0361,0.0058,0.1363,0.3667,0.0,-0.3203,0.0,2025-09-08,2025-09-07 19:42:05
AZAD.NS,0.5662,0.0813,-0.0029,0.0202,-0.0075,0.1141,0.4167,0.5,-0.0778,0.0,2025-09-08,2025-09-07 19:42:05
ARE&M.NS,0.5651,0.0512,0.0577,0.0648,0.0192,0.0177,0.4333,1.0,-0.1672,0.2,2025-09-08,2025-09-07 19:42:04
KEC.NS,0.5645,0.2066,-0.081,0.0956,-0.0205,0.0905,0.3667,0.5,-0.161,0.0,2025-09-08,2025-09-07 19:42:04
FDC.NS,0.5639,0.1107,-0.0054,-0.0102,0.0341,0.0877,0.3667,0.5,-0.0757,0.0,2025-09-08,2025-09-07 19:42:05
SUMICHEM.NS,0.563,0.0278,0.1071,-0.0289,0.1179,0.0784,0.55,0.0,0.0538,-0.2,2025-09-08,2025-09-07 19:42:04
JUBLPHARMA.NS,0.5622,0.1681,-0.0893,0.0133,-0.03,0.1171,0.4,0.5,-0.0546,0.2,2025-09-08,2025-09-07 19:42:05
ELECON.NS,0.5621,0.1947,-0.1186,-0.0007,-0.1562,0.1979,0.45,0.0,-0.0503,0.2,2025-09-08,2025-09-07 19:42:05
UPL.NS,0.5614,0.0562,0.0919,0.0072,0.0965,0.0739,0.5167,0.0,0.2678,0.4,2025-09-08,2025-09-07 19:42:04
SWANENERGY.NS,0.5607,0.0995,0.0156,0.0503,0.0286,0.0585,0.4833,0.5,-0.2568,-0.2,2025-09-08,2025-09-07 19:42:04
AUBANK.NS,0.5603,0.2109,-0.1491,-0.0719,-0.1153,0.1969,0.4667,0.0,0.1825,-0.2,2025-09-08,2025-09-07 19:42:04
TARIL.NS,0.5602,-0.0767,0.0306,-0.0213,-0.0029,0.1297,0.3833,1.0,0.0277,0.0,2025-09-08,2025-09-07 19:42:05
INGERRAND.NS,0.5594,0.0817,0.0084,0.0785,-0.0065,0.0721,0.55,0.5,-0.1649,0.0,2025-09-08,2025-09-07 19:42:05
GRANULES.NS,0.5592,0.1068,0.0344,0.1155,-0.0054,0.0406,0.4833,0.5,-0.1182,0.0,2025-09-08,2025-09-07 19:42:05
CELLO.NS,0.5591,0.1121,0.0005,0.1406,0.0054,0.0656,0.45,0.5,-0.2105,0.4,2025-09-08,2025-09-07 19:42:04
BBOX.NS,0.5588,0.2296,-0.0963,-0.0466,-0.1276,0.1499,0.3833,0.0,-0.2503,0.2,2025-09-08,2025-09-07 19:42:05
KPIGREEN.NS,0.558,0.1583,-0.0197,-0.0423,-0.0236,0.1192,0.3833,0.0,-0.047,-0.2,2025-09-08,2025-09-07 19:42:05
KIRLPNU.NS,0.5574,0.1371,-0.1044,-0.0123,-0.0076,0.134,0.4167,0.5,-0.2589,0.2,2025-09-08,2025-09-07 19:42:05
ASTRAL.NS,0.5573,0.1282,-0.0408,0.1395,-0.014,0.0784,0.5167,0.5,-0.1845,0.2,2025-09-08,2025-09-07 19:42:04
COALINDIA.NS,0.5571,0.0229,0.0257,0.0364,0.0612,0.031,0.4833,1.0,-0.0165,0.0,2025-09-08,2025-09-07 19:42:04
SUNDRMFAST.NS,0.557,0.1137,0.0159,0.0703,0.039,0.0432,0.4333,0.5,-0.1118,0.2,2025-09-08,2025-09-07 19:42:04
ASTRAZEN.NS,0.5569,0.0313,0.046,0.0969,-0.0854,0.0906,0.5167,0.5,0.4099,0.2,2025-09-08,2025-09-07 19:42:04
EMAMILTD.NS,0.5568,0.0013,0.0511,0.0363,0.0497,0.0316,0.45,1.0,-0.0775,0.2,2025-09-08,2025-09-07 19:42:04
SCHAEFFLER.NS,0.5562,0.2208,-0.0237,-0.0155,-0.0962,0.0802,0.4333,0.0,0.0961,0.0,2025-09-08,2025-09-07 19:42:04
TCI.NS,0.5561,0.0442,0.02,0.0163,0.0264,0.084,0.4833,0.5,0.0624,0.2,2025-09-08,2025-09-07 19:42:05
PFIZER.NS,0.5551,0.228,-0.0921,-0.0383,-0.117,0.1368,0.3833,0.0,-0.0297,0.4,2025-09-08,2025-09-07 19:42:04
HEG.NS,0.555,0.0425,-0.0012,-0.0224,-0.0061,0.1054,0.4833,0.5,0.1886,0.0,2025-09-08,2025-09-07 19:42:05
INTELLECT.NS,0.553,0.2124,-0.1868,-0.0213,-0.1644,0.2133,0.5,0.0,0.262,-0.2,2025-09-08,2025-09-07 19:42:05
DRREDDY.NS,0.5529,0.1064,-0.0331,0.0074,-0.0831,0.0898,0.5167,0.5,0.0649,0.2,2025-09-08,2025-09-07 19:42:04
PNB.NS,0.5525,0.1039,-0.0248,-0.025,-0.0076,0.1305,0.5167,0.0,0.0215,0.0,2025-09-08,2025-09-07 19:42:04
INOXINDIA.NS,0.5523,0.1453,-0.0546,0.0755,-0.0082,0.0741,0.4333,0.5,0.0233,0.0,2025-09-08,2025-09-07 19:42:05
RITES.NS,0.5523,0.1327,-0.0579,0.0436,-0.0868,0.1079,0.3667,0.5,-0.0896,-0.2,2025-09-08,2025-09-07 19:42:05
CIPLA.NS,0.5519,0.0558,0.0335,-0.0082,0.0657,0.0417,0.5333,0.5,0.0492,0.0,2025-09-08,2025-09-07 19:42:04
ALKYLAMINE.NS,0.5509,0.17,-0.0918,-0.0055,0.0374,0.1325,0.45,0.0,0.0555,0.0,2025-09-08,2025-09-07 19:42:05
SFL.NS,0.5507,0.1038,-0.0361,0.067,0.0704,0.0051,0.4833,1.0,-0.1178,0.2,2025-09-08,2025-09-07 19:42:05
ESABINDIA.NS,0.5506,0.1046,0.0152,0.0225,0.0052,0.097,0.4667,0.0,-0.1325,0.0,2025-09-08,2025-09-07 19:42:05
CAMPUS.NS,0.5499,0.1587,-0.0296,0.0734,-0.0431,0.043,0.45,0.5,-0.0162,0.2,2025-09-08,2025-09-07 19:42:05
TATAMOTORS.NS,0.5498,0.1242,0.0157,0.0435,-0.0292,0.0249,0.4833,0.5,-0.1078,0.2,2025-09-08,2025-09-07 19:42:04
HCC.NS,0.5495,0.1144,-0.0637,0.1287,-0.1097,0.1232,0.3667,0.5,-0.2935,0.4,2025-09-08,2025-09-07 19:42:05
COFORGE.NS,0.5493,0.2905,-0.1182,0.0116,-0.0463,0.0702,0.5167,0.0,-0.0358,0.2,2025-09-08,2025-09-07 19:42:04
JBCHEPHARM.NS,0.5491,0.0805,-0.0187,-0.0022,-0.0058,0.0799,0.4667,0.5,-0.0138,0.2,2025-09-08,2025-09-07 19:42:04
MAHABANK.NS,0.5488,0.1812,-0.0202,-0.0302,-0.0239,0.0732,0.45,0.0,-0.026,0.2,2025-09-08,2025-09-07 19:42:04
SOBHA.NS,0.5487,0.1974,-0.0393,-0.0778,-0.0933,0.0851,0.4833,0.0,-0.1424,0.0,2025-09-08,2025-09-07 19:42:05
TIINDIA.NS,0.5485,0.1628,-0.0053,-0.0248,0.0125,0.0112,0.4167,0.5,-0.1174,-0.2,2025-09-08,2025-09-07 19:42:04
GESHIP.NS,0.5471,0.1154,-0.0122,-0.0026,0.0081,0.0463,0.4333,0.5,-0.106,0.0,2025-09-08,2025-09-07 19:42:04
RENUKA.NS,0.547,0.134,-0.0255,0.1453,-0.032,0.0624,0.3333,0.5,-0.2521,0.0,2025-09-08,2025-09-07 19:42:05
COROMANDEL.NS,0.5469,0.0349,-0.0037,-0.0375,0.0032,0.1517,0.4833,0.0,0.2952,0.2,2025-09-08,2025-09-07 19:42:04
M&MFIN.NS,0.5462,0.0296,0.026,0.0557,0.0144,0.0101,0.4667,1.0,0.0134,-0.2,2025-09-08,2025-09-07 19:42:04
AHLUCONT.NS,0.5453,0.0365,-0.0036,-0.0115,0.0224,0.1473,0.45,0.0,-0.05,-0.4,2025-09-08,2025-09-07 19:42:05
JUNIPER.NS,0.5452,0.0842,0.0181,0.0617,-0.0896,0.0535,0.4667,0.5,-0.1912,0.2,2025-09-08,2025-09-07 19:42:05
APLLTD.NS,0.5445,0.1312,-0.0175,-0.0104,-0.0238,0.0925,0.4833,0.0,-0.12,0.2,2025-09-08,2025-09-07 19:42:04
3MINDIA.NS,0.5442,0.0054,0.068,0.0015,0.0757,0.0403,0.45,0.5,-0.0376,0.2,2025-09-08,2025-09-07 19:42:04
HAVELLS.NS,0.544,0.0079,0.0025,0.0668,0.0236,0.0357,0.4833,1.0,-0.0814,0.0,2025-09-08,2025-09-07 19:42:04
DOMS.NS,0.5435,0.008,0.0641,0.1056,0.0954,-0.026,0.4667,1.0,-0.0976,0.2,2025-09-08,2025-09-07 19:42:05
INDIGO.NS,0.5434,0.0812,-0.0016,-0.0549,0.0474,0.1025,0.4667,0.0,0.3315,0.4,2025-09-08,2025-09-07 19:42:04
TATACHEM.NS,0.5433,0.1155,-0.0014,0.0004,0.0087,0.0904,0.4167,0.0,-0.1467,0.0,2025-09-08,2025-09-07 19:42:04
NAVINFLUOR.NS,0.5431,0.1197,-0.0017,-0.0656,0.0399,0.0715,0.5,0.0,0.3368,0.0,2025-09-08,2025-09-07 19:42:05
CANFINHOME.NS,0.5429,0.1339,-0.0439,-0.0117,-0.0516,0.1209,0.4167,0.0,-0.0787,0.0,2025-09-08,2025-09-07 19:42:05
IDBI.NS,0.5418,0.1257,-0.0486,0.0177,-0.0453,0.1249,0.4333,0.0,0.106,0.2,2025-09-08,2025-09-07 19:42:04
LLOYDSENGG.NS,0.5415,0.0732,0.0732,-0.1051,0.0138,0.0519,0.45,0.0,-0.0745,-0.4,2025-09-08,2025-09-07 19:42:05
NUVAMA.NS,0.5415,0.1946,-0.1305,-0.0584,-0.0659,0.1418,0.45,0.0,0.0089,0.2,2025-09-08,2025-09-07 19:42:04
HINDCOPPER.NS,0.5405,0.1684,-0.0995,0.02,-0.0205,0.0613,0.4833,0.5,-0.1166,0.2,2025-09-08,2025-09-07 19:42:04
ZENSARTECH.NS,0.5403,0.2031,-0.072,-0.0349,-0.1016,0.0864,0.5,0.0,0.0221,0.0,2025-09-08,2025-09-07 19:42:05
SOLARINDS.NS,0.5401,0.1682,-0.1918,-0.0764,-0.1691,0.2311,0.4,0.0,0.3559,0.2,2025-09-08,2025-09-07 19:42:04
BHARTIARTL.NS,0.5385,0.0617,-0.0519,0.0108,0.0566,0.0813,0.4833,0.5,0.2106,0.0,2025-09-08,2025-09-07 19:42:04
APLAPOLLO.NS,0.5373,0.0697,-0.068,0.0406,-0.0847,0.111,0.4833,0.5,0.1287,0.2,2025-09-08,2025-09-07 19:42:04
GRAPHITE.NS,0.5337,0.1247,-0.0547,-0.0327,-0.002,0.0993,0.4667,0.0,0.09,0.2,2025-09-08,2025-09-07 19:42:05
TVSSCS.NS,0.5328,0.1931,-0.0386,-0.0194,-0.017,-0.0105,0.3667,0.5,-0.2564,0.2,2025-09-08,2025-09-07 19:42:05
IGIL.NS,0.5324,0.0409,-0.0202,0.0433,-0.0853,0.0899,0.4167,0.5,0.0,0.0,2025-09-08,2025-09-07 19:42:04
NESTLEIND.NS,0.5324,0.0237,-0.0031,0.1079,0.0255,0.0546,0.5333,0.5,0.0797,0.4,2025-09-08,2025-09-07 19:42:04
INDIASHLTR.NS,0.5316,0.0224,0.0242,-0.0224,0.0248,0.0939,0.5167,0.0,0.385,0.6,2025-09-08,2025-09-07 19:42:05
GODREJCP.NS,0.5316,0.0188,0.0423,0.0374,0.0358,0.086,0.4667,0.0,-0.0137,0.2,2025-09-08,2025-09-07 19:42:04
BAJFINANCE.NS,0.5314,0.0299,-0.0153,0.0876,0.008,0.0566,0.5667,0.5,0.4041,0.4,2025-09-08,2025-09-07 19:42:04
SBIN.NS,0.5312,0.0781,0.0124,-0.0237,0.0065,0.0715,0.4667,0.0,-0.0131,-0.2,2025-09-08,2025-09-07 19:42:04
ANANTRAJ.NS,0.5311,0.1301,-0.0457,0.0038,-0.0196,0.0351,0.3833,0.5,-0.1981,0.0,2025-09-08,2025-09-07 19:42:04
SAFARI.NS,0.5307,0.0316,0.023,0.0609,0.0097,0.0468,0.3667,0.5,-0.1273,0.0,2025-09-08,2025-09-07 19:42:05
SANOFICONR.NS,0.5295,0.0557,0.0011,0.0134,0.0149,0.0331,0.45,0.5,0.0886,0.2,2025-09-08,2025-09-07 19:42:05
CERA.NS,0.5292,0.129,-0.0305,-0.0098,-0.0852,0.091,0.3833,0.0,-0.1139,0.0,2025-09-08,2025-09-07 19:42:05
BANKINDIA.NS,0.5292,0.0511,-0.0342,-0.0021,-0.0572,0.1311,0.5,0.0,0.0495,0.2,2025-09-08,2025-09-07 19:42:04
LICI.NS,0.5281,0.1333,-0.0717,-0.0118,-0.0899,0.105,0.5,0.0,-0.0299,0.2,2025-09-08,2025-09-07 19:42:04
GODREJIND.NS,0.5279,0.0742,-0.0209,0.033,-0.036,0.0407,0.4667,0.5,0.1373,0.2,2025-09-08,2025-09-07 19:42:04
HDFCLIFE.NS,0.5265,0.0815,-0.0493,-0.0364,0.0207,0.1047,0.4667,0.0,0.1199,0.2,2025-09-08,2025-09-07 19:42:04
GMRAIRPORT.NS,0.5257,0.0013,0.015,-0.051,0.0706,0.0921,0.5333,0.0,0.0529,0.0,2025-09-08,2025-09-07 19:42:04
GENUSPOWER.NS,0.5257,0.1244,-0.119,-0.0683,-0.1231,0.1594,0.4167,0.0,-0.267,0.2,2025-09-08,2025-09-07 19:42:05
GPPL.NS,0.5252,0.0964,-0.0411,0.0081,-0.039,0.0949,0.4667,0.0,-0.1554,0.2,2025-09-08,2025-09-07 19:42:05
BERGEPAINT.NS,0.5251,0.0403,-0.0393,0.0197,-0.0341,0.0707,0.4833,0.5,0.1168,0.4,2025-09-08,2025-09-07 19:42:04
WESTLIFE.NS,0.5249,0.0443,-0.0059,0.1135,0.0574,0.0322,0.4167,0.5,-0.0236,0.2,2025-09-08,2025-09-07 19:42:05
MEDPLUS.NS,0.5244,0.0433,-0.0709,0.031,-0.0554,0.0982,0.4667,0.5,0.1267,0.0,2025-09-08,2025-09-07 19:42:05
TRENT.NS,0.5244,0.1319,-0.0969,0.027,-0.0046,0.0478,0.45,0.5,-0.1935,-0.2,2025-09-08,2025-09-07 19:42:04
TITAGARH.NS,0.5234,0.0656,-0.1031,0.0391,-0.06,0.1001,0.5167,0.5,-0.2994,0.2,2025-09-08,2025-09-07 19:42:04
IOC.NS,0.523,0.0771,-0.0216,-0.0003,0.0072,0.0735,0.5167,0.0,0.0296,0.0,2025-09-08,2025-09-07 19:42:04
BAJAJFINSV.NS,0.5229,0.0244,-0.0183,0.0467,-0.0046,0.0549,0.4833,0.5,0.2599,0.2,2025-09-08,2025-09-07 19:42:04
PEL.NS,0.5226,0.1064,-0.0589,-0.0356,-0.0337,0.1028,0.4,0.0,-0.0822,0.2,2025-09-08,2025-09-07 19:42:04
BPCL.NS,0.5221,0.0799,-0.0359,-0.0152,0.0038,0.0936,0.4167,0.0,0.1048,0.4,2025-09-08,2025-09-07 19:42:04
IFCI.NS,0.5216,0.2275,-0.1673,-0.0047,-0.1507,0.127,0.35,0.0,-0.1743,0.4,2025-09-08,2025-09-07 19:42:04
JUBLINGREA.NS,0.5212,0.0788,-0.0637,0.0218,0.0447,0.0331,0.5333,0.5,-0.0357,0.0,2025-09-08,2025-09-07 19:42:05
AMBUJACEM.NS,0.5208,0.0198,0.0004,-0.0191,0.0535,0.0857,0.5,0.0,0.105,0.4,2025-09-08,2025-09-07 19:42:04
MOIL.NS,0.5206,0.1157,-0.0883,0.0993,-0.0664,0.0548,0.45,0.5,0.1271,0.0,2025-09-08,2025-09-07 19:42:05
ZFCVINDIA.NS,0.5203,0.0243,0.0087,-0.017,0.0268,0.0854,0.45,0.0,0.0882,-0.2,2025-09-08,2025-09-07 19:42:04
HDFCBANK.NS,0.5196,0.0553,-0.0266,-0.0331,0.0285,0.0813,0.5167,0.0,0.0859,0.4,2025-09-08,2025-09-07 19:42:04
MOTHERSON.NS,0.5193,0.1093,-0.0829,0.0139,-0.0724,0.061,0.3833,0.5,-0.1346,0.0,2025-09-08,2025-09-07 19:42:04
WABAG.NS,0.519,0.0478,0.013,-0.0487,-0.0315,0.0705,0.4667,0.0,-0.107,0.2,2025-09-08,2025-09-07 19:42:05
VGUARD.NS,0.5181,0.0235,-0.0361,0.0307,-0.0137,0.06,0.4833,0.5,-0.1134,-0.2,2025-09-08,2025-09-07 19:42:04
BANKBARODA.NS,0.5178,0.0338,-0.0189,-0.0328,-0.0289,0.1067,0.4333,0.0,-0.0144,0.2,2025-09-08,2025-09-07 19:42:04
TATAINVEST.NS,0.5176,0.0895,-0.0044,-0.0172,-0.0223,0.0494,0.4667,0.0,0.0148,0.2,2025-09-08,2025-09-07 19:42:04
360ONE.NS,0.517,0.1136,-0.108,0.0005,-0.0231,0.1176,0.4333,0.0,-0.0765,0.0,2025-09-08,2025-09-07 19:42:04
LUPIN.NS,0.5168,-0.0282,0.0141,-0.009,-0.0321,-0.0029,0.4833,1.0,-0.0251,0.0,2025-09-08,2025-09-07 19:42:04
AFCONS.NS,0.5164,-0.0028,0.007,0.0426,-0.0052,-0.0191,0.4667,1.0,-0.1085,-0.2,2025-09-08,2025-09-07 19:42:04
IOB.NS,0.5162,0.0886,0.0198,0.0664,0.0077,-0.0362,0.45,0.5,-0.2731,0.4,2025-09-08,2025-09-07 19:42:04
BATAINDIA.NS,0.5162,0.018,0.0236,0.1837,0.0365,0.0084,0.4333,0.5,-0.0864,0.6,2025-09-08,2025-09-07 19:42:04
ALOKINDS.NS,0.5159,0.1346,-0.106,0.0202,-0.0774,0.0541,0.3833,0.5,-0.1463,0.2,2025-09-08,2025-09-07 19:42:05
GALAXYSURF.NS,0.5158,0.0804,-0.0975,0.0336,-0.0127,0.0642,0.4667,0.5,-0.1639,0.0,2025-09-08,2025-09-07 19:42:05
RAINBOW.NS,0.5153,-0.0358,0.0001,-0.0298,0.0409,0.1111,0.5333,0.0,-0.0502,0.2,2025-09-08,2025-09-07 19:42:05
INDHOTEL.NS,0.5152,-0.0694,-0.0059,0.0022,0.0643,0.0197,0.5,1.0,-0.0134,0.0,2025-09-08,2025-09-07 19:42:04
NTPCGREEN.NS,0.515,0.0524,-0.0248,0.0327,-0.0413,0.0315,0.45,0.5,-0.1443,0.2,2025-09-08,2025-09-07 19:42:04
LT.NS,0.5147,0.1011,-0.0289,-0.0335,-0.0163,0.0585,0.4167,0.0,-0.0302,0.4,2025-09-08,2025-09-07 19:42:04
MAXHEALTH.NS,0.5127,0.0868,-0.0783,-0.0448,-0.0197,0.0942,0.5,0.0,0.1602,0.2,2025-09-08,2025-09-07 19:42:04
HINDPETRO.NS,0.5122,0.0395,-0.0624,-0.0262,0.0117,0.1087,0.5,0.0,0.0366,0.2,2025-09-08,2025-09-07 19:42:04
HAL.NS,0.5122,0.0532,-0.0804,-0.0275,-0.1407,0.1485,0.4333,0.0,-0.0028,0.2,2025-09-08,2025-09-07 19:42:04
J&KBANK.NS,0.512,0.1089,-0.0459,-0.0071,-0.0261,0.0559,0.4667,0.0,0.0599,0.0,2025-09-08,2025-09-07 19:42:05
PGHH.NS,0.5114,-0.0441,0.0045,0.0161,0.0146,0.0008,0.4333,1.0,-0.1464,0.2,2025-09-08,2025-09-07 19:42:04
GNFC.NS,0.5108,0.0646,-0.0492,0.0426,-0.0281,0.0319,0.4333,0.5,-0.1277,0.2,2025-09-08,2025-09-07 19:42:05
IKS.NS,0.5106,0.1171,-0.0048,0.0153,-0.0594,-0.0423,0.4833,0.5,0.0,0.0,2025-09-08,2025-09-07 19:42:04
AKZOINDIA.NS,0.5103,-0.0203,0.0696,-0.0105,0.0551,0.0318,0.5167,0.0,-0.086,0.2,2025-09-08,2025-09-07 19:42:05
TRIDENT.NS,0.51,0.0838,-0.1035,0.0125,-0.106,0.0775,0.4,0.5,-0.1193,0.4,2025-09-08,2025-09-07 19:42:04
TATATECH.NS,0.5094,0.0846,-0.0357,0.0122,-0.19,0.0305,0.45,0.5,-0.2729,0.4,2025-09-08,2025-09-07 19:42:04
DEEPAKFERT.NS,0.509,0.1181,-0.1141,-0.0244,-0.0688,0.1083,0.4333,0.0,0.0552,0.0,2025-09-08,2025-09-07 19:42:05
VESUVIUS.NS,0.5075,0.1313,-0.0871,0.0103,-0.0794,0.0854,0.35,0.0,-0.0405,0.2,2025-09-08,2025-09-07 19:42:05
GUJGASLTD.NS,0.5064,0.017,-0.0466,0.0414,-0.0793,0.0668,0.4,0.5,-0.0687,-0.2,2025-09-08,2025-09-07 19:42:04
PRSMJOHNSN.NS,0.506,0.087,-0.0435,0.0203,-0.0745,0.072,0.4,0.0,-0.2245,0.4,2025-09-08,2025-09-07 19:42:05
AJANTPHARM.NS,0.506,-0.0008,0.0205,-0.0242,-0.0312,0.0142,0.4167,0.5,-0.1341,0.0,2025-09-08,2025-09-07 19:42:04
TATAPOWER.NS,0.5056,0.0252,-0.0491,0.0012,-0.0487,0.0453,0.4833,0.5,-0.0709,0.0,2025-09-08,2025-09-07 19:42:04
HSCL.NS,0.5055,0.018,0.0179,-0.0207,-0.0175,0.061,0.4,0.0,-0.1395,-0.2,2025-09-08,2025-09-07 19:42:04
PREMIERENE.NS,0.5051,0.078,-0.0405,0.0153,-0.0102,0.0584,0.4333,0.0,-0.098,0.0,2025-09-08,2025-09-07 19:42:04
ICICIBANK.NS,0.5048,0.0466,-0.0181,-0.0175,-0.0152,0.0691,0.3833,0.0,0.0864,0.1,2025-09-08,2025-09-07 19:42:04
LINDEINDIA.NS,0.5047,0.0499,-0.0273,0.0318,-0.1182,0.0244,0.45,0.5,-0.0895,0.0,2025-09-08,2025-09-07 19:42:04
KANSAINER.NS,0.5046,-0.0365,-0.0008,0.0359,-0.0128,0.0403,0.5,0.5,-0.105,0.2,2025-09-08,2025-09-07 19:42:04
CAMS.NS,0.5043,0.0086,-0.0823,-0.0082,-0.038,0.0829,0.45,0.5,-0.1991,-0.2,2025-09-08,2025-09-07 19:42:04
NBCC.NS,0.5042,0.149,-0.1676,-0.005,-0.1496,0.1418,0.35,0.0,0.0851,0.0,2025-09-08,2025-09-07 19:42:04
KPITTECH.NS,0.5035,0.0784,-0.0265,0.019,-0.0877,0.0029,0.3833,0.5,-0.1196,0.2,2025-09-08,2025-09-07 19:42:04
RHIM.NS,0.5032,-0.0226,0.0002,-0.0203,-0.0059,0.0909,0.45,0.0,-0.0968,0.0,2025-09-08,2025-09-07 19:42:05
IDEA.NS,0.5027,-0.0096,0.0014,0.1789,0.051,0.011,0.4333,0.5,-0.1307,0.2,2025-09-08,2025-09-07 19:42:04
ADANIPORTS.NS,0.5027,0.0964,-0.0757,0.016,-0.1039,0.0883,0.4,0.0,0.1063,0.2,2025-09-08,2025-09-07 19:42:04
SAGILITY.NS,0.5026,0.028,0.0314,-0.0304,0.0704,0.0164,0.4333,0.0,0.2476,-0.2,2025-09-08,2025-09-07 19:42:04
COLPAL.NS,0.5022,-0.025,0.0205,0.1256,0.0158,0.004,0.5,0.5,-0.1878,0.2,2025-09-08,2025-09-07 19:42:04
HINDZINC.NS,0.5015,0.0366,-0.0176,0.0336,-0.1358,0.0259,0.4167,0.5,-0.1004,0.0,2025-09-08,2025-09-07 19:42:04
TATACONSUM.NS,0.5012,-0.0185,-0.0615,0.0226,-0.0079,0.0727,0.45,0.5,0.128,-0.2,2025-09-08,2025-09-07 19:42:04
NATCOPHARM.NS,0.5011,0.0631,-0.0189,-0.0226,-0.0535,0.0459,0.4667,0.0,-0.3664,-0.2,2025-09-08,2025-09-07 19:42:04
NAZARA.NS,0.5009,0.1477,-0.1632,-0.2192,-0.07,0.1009,0.4833,0.0,0.1148,0.2,2025-09-08,2025-09-07 19:42:05
RPOWER.NS,0.5007,0.1232,-0.2979,0.0799,-0.1873,0.195,0.4167,0.5,0.2267,0.0,2025-09-08,2025-09-07 19:42:05
KFINTECH.NS,0.5005,0.0879,-0.1721,-0.0294,-0.059,0.0941,0.4333,0.5,-0.0437,0.0,2025-09-08,2025-09-07 19:42:04
MASTEK.NS,0.5004,0.0484,-0.0024,-0.0224,0.0244,0.0256,0.4833,0.0,-0.2464,0.2,2025-09-08,2025-09-07 19:42:05
DLF.NS,0.4994,0.1504,-0.0999,0.0072,-0.1357,0.0666,0.4,0.0,-0.0743,0.0,2025-09-08,2025-09-07 19:42:04
HUDCO.NS,0.4992,-0.0122,-0.0996,0.0301,-0.0574,0.1008,0.4667,0.5,-0.0027,0.2,2025-09-08,2025-09-07 19:42:04
BAJAJHLDNG.NS,0.4983,0.0959,-0.0656,-0.085,-0.0839,0.0644,0.4167,0.0,0.2679,0.2,2025-09-08,2025-09-07 19:42:04
CRISIL.NS,0.4973,0.1526,-0.1567,-0.0623,-0.0857,0.0824,0.5167,0.0,-0.0431,0.0,2025-09-08,2025-09-07 19:42:04
THERMAX.NS,0.4973,0.0255,-0.0388,0.0125,-0.0473,0.0107,0.5333,0.5,-0.2782,0.0,2025-09-08,2025-09-07 19:42:04
RELIANCE.NS,0.4963,0.1138,-0.0763,0.0014,-0.0569,0.0486,0.4333,0.0,0.068,0.2,2025-09-08,2025-09-07 19:42:04
BBTC.NS,0.4954,-0.001,-0.0389,0.0118,-0.0733,0.044,0.4167,0.5,-0.2512,0.2,2025-09-08,2025-09-07 19:42:05
JSWINFRA.NS,0.4946,0.0181,-0.0334,0.003,-0.0332,0.0687,0.4833,0.0,-0.019,0.2,2025-09-08,2025-09-07 19:42:04
TIMKEN.NS,0.4945,0.1398,-0.1296,0.0128,-0.1038,0.0684,0.5,0.0,-0.1303,0.4,2025-09-08,2025-09-07 19:42:04
ZEEL.NS,0.4941,0.0981,-0.1755,0.0197,-0.0608,0.0686,0.4833,0.5,-0.0302,-0.2,2025-09-08,2025-09-07 19:42:05
OFSS.NS,0.4924,0.0951,-0.0884,-0.0366,-0.1602,0.0808,0.4333,0.0,-0.2807,0.0,2025-09-08,2025-09-07 19:42:04
PATANJALI.NS,0.4914,-0.0746,0.0827,0.0137,0.079,0.0148,0.4833,0.0,0.0209,0.0,2025-09-08,2025-09-07 19:42:04
BANDHANBNK.NS,0.4904,0.0699,-0.1092,-0.0002,-0.0659,0.0878,0.4833,0.0,-0.0378,0.0,2025-09-08,2025-09-07 19:42:04
SANDUMA.NS,0.489,0.0375,-0.0435,0.0018,-0.0207,-0.0109,0.4667,0.5,-0.0815,0.2,2025-09-08,2025-09-07 19:42:05
BECTORFOOD.NS,0.4887,-0.1049,0.0453,0.0176,0.0276,-0.0048,0.6,0.5,-0.2027,0.2,2025-09-08,2025-09-07 19:42:05
AWL.NS,0.488,-0.0617,0.0208,0.0522,-0.011,0.0211,0.3333,0.5,-0.1646,0.0,2025-09-08,2025-09-07 19:42:04
WOCKPHARMA.NS,0.4878,0.0568,-0.1049,-0.0282,-0.1334,0.0558,0.35,0.5,0.1023,0.2,2025-09-08,2025-09-07 19:42:05
HAPPYFORGE.NS,0.4875,0.1115,-0.0909,-0.0729,-0.0928,0.0592,0.3333,0.0,-0.1979,0.6,2025-09-08,2025-09-07 19:42:05
POWERGRID.NS,0.4862,-0.0585,-0.0231,-0.0068,-0.0084,0.0349,0.45,0.5,-0.1449,0.2,2025-09-08,2025-09-07 19:42:04
UJJIVANSFB.NS,0.4844,0.0722,-0.132,0.0228,-0.126,0.1007,0.4833,0.0,0.2707,0.0,2025-09-08,2025-09-07 19:42:05
FSL.NS,0.4834,0.06,-0.0871,-0.0258,-0.0677,0.0668,0.4333,0.0,-0.0224,-0.2,2025-09-08,2025-09-07 19:42:04
KALYANKJIL.NS,0.4833,-0.0199,-0.0893,-0.0554,-0.0113,0.0957,0.6,0.0,-0.2777,0.0,2025-09-08,2025-09-07 19:42:04
TECHM.NS,0.4833,0.1562,-0.1096,-0.0059,-0.1098,0.0228,0.4333,0.0,-0.1433,0.2,2025-09-08,2025-09-07 19:42:04
SAPPHIRE.NS,0.483,0.044,-0.0201,0.0493,0.0111,0.0095,0.4333,0.0,-0.0094,-0.2,2025-09-08,2025-09-07 19:42:05
PHOENIXLTD.NS,0.4829,-0.0176,-0.0654,0.0636,-0.0388,-0.023,0.45,1.0,-0.0974,-0.2,2025-09-08,2025-09-07 19:42:04
COCHINSHIP.NS,0.4828,0.1472,-0.2086,-0.0213,-0.2203,0.1332,0.3833,0.0,0.1033,0.0,2025-09-08,2025-09-07 19:42:04
VOLTAMP.NS,0.4819,0.0892,-0.1271,-0.0044,-0.059,0.0766,0.4,0.0,-0.2273,0.0,2025-09-08,2025-09-07 19:42:05
UNIONBANK.NS,0.4819,0.0762,-0.1107,-0.0551,-0.1273,0.0811,0.4333,0.0,0.072,-0.2,2025-09-08,2025-09-07 19:42:04
MINDACORP.NS,0.4817,-0.0051,-0.0122,0.0195,-0.0853,-0.0092,0.45,0.5,0.023,0.0,2025-09-08,2025-09-07 19:42:05
JBMA.NS,0.4816,-0.0165,-0.0426,0.0141,-0.1329,0.0936,0.4333,0.0,-0.1999,0.0,2025-09-08,2025-09-07 19:42:04
ELGIEQUIP.NS,0.4812,0.0657,-0.0918,-0.0293,-0.0716,0.0599,0.45,0.0,-0.2452,0.0,2025-09-08,2025-09-07 19:42:04
ABBOTINDIA.NS,0.4809,0.0228,-0.0424,-0.0615,0.0111,0.0317,0.4833,0.0,0.1512,0.0,2025-09-08,2025-09-07 19:42:05
ATUL.NS,0.4802,0.118,-0.1412,-0.0124,-0.1149,0.0712,0.4167,0.0,-0.1454,0.2,2025-09-08,2025-09-07 19:42:04
HATSUN.NS,0.4793,-0.0351,-0.035,0.0309,-0.0911,0.0259,0.45,0.5,-0.1637,0.4,2025-09-08,2025-09-07 19:42:04
ICICIPRULI.NS,0.4774,0.0531,-0.0786,-0.0481,-0.0692,0.0488,0.45,0.0,-0.1227,0.4,2025-09-08,2025-09-07 19:42:04
BASF.NS,0.4769,0.0231,-0.0734,0.0232,-0.0822,0.0014,0.5,0.5,-0.2023,0.4,2025-09-08,2025-09-07 19:42:04
CARBORUNIV.NS,0.4768,-0.0433,-0.015,0.1108,0.0226,-0.0065,0.4167,0.5,-0.3349,0.4,2025-09-08,2025-09-07 19:42:04
VINATIORGA.NS,0.4764,0.0706,-0.1365,0.0186,-0.11,0.0335,0.4,0.5,-0.0858,0.2,2025-09-08,2025-09-07 19:42:04
IRCON.NS,0.4761,0.07,-0.1655,0.0242,-0.1704,0.0774,0.3167,0.5,-0.1893,-0.2,2025-09-08,2025-09-07 19:42:04
BLS.NS,0.4755,-0.0508,-0.0087,-0.0174,-0.0051,0.0556,0.4167,0.0,-0.0731,0.2,2025-09-08,2025-09-07 19:42:05
TMB.NS,0.4754,0.0234,-0.0139,-0.0098,-0.0995,0.0271,0.3833,0.0,-0.0532,0.0,2025-09-08,2025-09-07 19:42:05
CHAMBLFERT.NS,0.4753,-0.1587,0.0013,0.0468,0.0313,-0.0056,0.45,1.0,0.142,0.4,2025-09-08,2025-09-07 19:42:04
OIL.NS,0.4748,0.0875,-0.1002,-0.0069,-0.1558,0.0468,0.4833,0.0,-0.1977,-0.2,2025-09-08,2025-09-07 19:42:04
SHREECEM.NS,0.4745,-0.0372,-0.0045,-0.0161,0.0185,0.0398,0.3833,0.0,0.181,-0.2,2025-09-08,2025-09-07 19:42:04
ICICIGI.NS,0.4742,0.0144,-0.0868,-0.0297,-0.0374,0.0577,0.55,0.0,-0.008,0.0,2025-09-08,2025-09-07 19:42:04
PPLPHARMA.NS,0.4736,-0.0916,0.0057,0.0629,0.0188,0.0007,0.45,0.5,-0.1882,0.6,2025-09-08,2025-09-07 19:42:04
JLHL.NS,0.4735,-0.0117,-0.0082,0.0013,-0.0929,-0.0238,0.4333,0.5,-0.0585,0.0,2025-09-08,2025-09-07 19:42:05
MANINFRA.NS,0.4732,0.0489,-0.1049,0.0252,-0.0233,0.0606,0.4,0.0,-0.1893,-0.2,2025-09-08,2025-09-07 19:42:05
JUBLFOOD.NS,0.4731,-0.0608,-0.0742,0.0402,-0.0106,0.0444,0.4667,0.5,0.0111,0.0,2025-09-08,2025-09-07 19:42:04
WELENT.NS,0.473,-0.0294,-0.0946,0.0811,-0.0406,0.0454,0.45,0.5,-0.055,0.0,2025-09-08,2025-09-07 19:42:05
VENTIVE.NS,0.4722,-0.0321,0.0365,0.017,0.013,-0.007,0.4333,0.0,0.0,0.0,2025-09-08,2025-09-07 19:42:05
WELCORP.NS,0.4713,0.0984,-0.09,-0.038,-0.0582,0.0167,0.3833,0.0,0.1241,0.0,2025-09-08,2025-09-07 19:42:04
RAILTEL.NS,0.4709,0.1285,-0.1838,-0.0056,-0.2071,0.0978,0.3667,0.0,-0.1514,0.0,2025-09-08,2025-09-07 19:42:05
BALRAMCHIN.NS,0.4708,-0.0036,-0.0676,-0.0287,-0.1031,0.0692,0.4667,0.0,-0.0315,0.0,2025-09-08,2025-09-07 19:42:05
NH.NS,0.4698,0.0309,-0.137,-0.0149,-0.0014,0.0732,0.5167,0.0,0.417,0.4,2025-09-08,2025-09-07 19:42:04
RAJESHEXPO.NS,0.4696,-0.0553,-0.1097,0.0275,-0.0757,0.0722,0.4667,0.5,-0.2337,0.2,2025-09-08,2025-09-07 19:42:05
GODREJAGRO.NS,0.469,-0.0233,-0.0151,-0.0034,-0.0091,0.018,0.4833,0.0,0.027,0.0,2025-09-08,2025-09-07 19:42:05
RELINFRA.NS,0.4687,0.098,-0.3292,0.0778,-0.162,0.1354,0.4,0.5,0.0158,0.0,2025-09-08,2025-09-07 19:42:05
MRPL.NS,0.4685,-0.043,-0.1119,0.0259,-0.0644,0.0623,0.45,0.5,-0.1784,0.4,2025-09-08,2025-09-07 19:42:04
INDGN.NS,0.4684,-0.027,-0.0215,-0.0181,-0.0572,0.0392,0.4333,0.0,-0.1643,0.4,2025-09-08,2025-09-07 19:42:05
KPRMILL.NS,0.4676,-0.0268,-0.1105,0.0441,-0.0732,0.0512,0.4333,0.5,0.0525,0.4,2025-09-08,2025-09-07 19:42:04
ONGC.NS,0.4676,0.0135,-0.0364,-0.0047,-0.0859,0.0251,0.4333,0.0,-0.0542,0.2,2025-09-08,2025-09-07 19:42:04
DIVISLAB.NS,0.4667,0.0547,-0.0858,-0.0182,-0.1278,0.0342,0.4833,0.0,0.0082,0.2,2025-09-08,2025-09-07 19:42:04
ADANIGREEN.NS,0.4658,-0.0071,-0.0625,0.0136,-0.0782,0.0471,0.5,0.0,-0.0591,0.2,2025-09-08,2025-09-07 19:42:04
SUZLON.NS,0.4642,0.0655,-0.1023,-0.0355,-0.0997,0.0347,0.4333,0.0,-0.089,0.4,2025-09-08,2025-09-07 19:42:04
SONATSOFTW.NS,0.4642,0.0921,-0.1132,-0.0017,-0.064,0.0198,0.4167,0.0,-0.4204,0.4,2025-09-08,2025-09-07 19:42:04
INDUSINDBK.NS,0.4626,0.0304,-0.0931,-0.0149,-0.0892,0.051,0.4,0.0,-0.2432,0.2,2025-09-08,2025-09-07 19:42:04
PAGEIND.NS,0.4625,-0.0133,-0.0879,0.0174,-0.0329,0.0578,0.4833,0.0,-0.0046,0.0,2025-09-08,2025-09-07 19:42:04
CONCOR.NS,0.4618,-0.0203,-0.0958,0.0228,-0.149,0.0283,0.4833,0.5,-0.3256,0.4,2025-09-08,2025-09-07 19:42:04
EPIGRAL.NS,0.4607,-0.0006,-0.0205,-0.0454,-0.0077,-0.0061,0.4167,0.0,-0.1098,0.2,2025-09-08,2025-09-07 19:42:05
SAREGAMA.NS,0.4607,-0.083,-0.0188,0.0244,-0.1135,0.013,0.4,0.5,-0.0001,0.0,2025-09-08,2025-09-07 19:42:05
IPCALAB.NS,0.4606,-0.0229,-0.0058,-0.0228,-0.0238,0.0068,0.3667,0.0,-0.1255,0.2,2025-09-08,2025-09-07 19:42:04
BDL.NS,0.4603,0.0324,-0.2063,-0.0807,-0.1914,0.1549,0.3833,0.0,0.3032,0.0,2025-09-08,2025-09-07 19:42:04
MAZDOCK.NS,0.4595,0.01,-0.1399,-0.0134,-0.1496,0.1006,0.45,0.0,0.2028,0.0,2025-09-08,2025-09-07 19:42:04
NLCINDIA.NS,0.4586,-0.0432,-0.0004,-0.0378,-0.0248,-0.0014,0.4833,0.0,-0.1154,0.2,2025-09-08,2025-09-07 19:42:04
HONAUT.NS,0.4585,0.0426,-0.0816,-0.0422,-0.0695,0.0176,0.4167,0.0,-0.1405,0.2,2025-09-08,2025-09-07 19:42:04
SJVN.NS,0.4578,-0.0119,-0.0701,0.0112,-0.062,0.0366,0.4833,0.0,-0.1719,0.0,2025-09-08,2025-09-07 19:42:04
CONCORDBIO.NS,0.457,-0.0308,-0.0661,0.0226,-0.171,0.0166,0.3833,0.5,-0.1877,0.2,2025-09-08,2025-09-07 19:42:04
JSWENERGY.NS,0.4569,-0.0125,-0.0247,-0.0472,-0.0164,-0.0079,0.4667,0.0,-0.2482,0.2,2025-09-08,2025-09-07 19:42:04
CHOLAFIN.NS,0.4567,-0.044,-0.0832,0.0202,-0.052,0.0118,0.4333,0.5,0.1672,0.2,2025-09-08,2025-09-07 19:42:04
GAIL.NS,0.456,-0.0223,-0.0632,0.0003,-0.1142,0.0496,0.4333,0.0,-0.0681,0.0,2025-09-08,2025-09-07 19:42:04
ZENTEC.NS,0.456,-0.0092,-0.2191,0.0522,-0.167,0.1163,0.4167,0.5,-0.2229,0.2,2025-09-08,2025-09-07 19:42:05
TATAELXSI.NS,0.4559,0.1224,-0.1278,-0.0368,-0.2225,0.0203,0.4,0.0,-0.1807,0.2,2025-09-08,2025-09-07 19:42:04
ITC.NS,0.4558,-0.0119,-0.0295,-0.0086,-0.0627,0.0034,0.45,0.0,-0.1153,0.4,2025-09-08,2025-09-07 19:42:04
PIIND.NS,0.4554,0.0208,-0.1146,-0.0095,-0.0765,0.0495,0.45,0.0,-0.1046,0.0,2025-09-08,2025-09-07 19:42:04
GMRP&UI.NS,0.4546,-0.1602,0.0296,-0.0514,0.0198,0.041,0.4833,0.0,-0.0408,-0.2,2025-09-08,2025-09-07 19:42:05
ACC.NS,0.4537,-0.1026,-0.0277,0.0263,-0.0195,-0.0077,0.4667,0.5,-0.1675,0.2,2025-09-08,2025-09-07 19:42:04
BHARATFORG.NS,0.4535,0.0673,-0.1098,-0.0343,-0.1369,0.0244,0.4,0.0,-0.1339,0.2,2025-09-08,2025-09-07 19:42:04
DBL.NS,0.453,0.0266,-0.09,-0.0292,-0.1203,0.0257,0.4667,0.0,0.0324,0.4,2025-09-08,2025-09-07 19:42:05
FINCABLES.NS,0.452,-0.0449,-0.0905,0.0529,-0.1677,0.0336,0.3833,0.5,-0.2499,0.0,2025-09-08,2025-09-07 19:42:04
LLOYDSME.NS,0.4517,0.0441,-0.1654,-0.0763,-0.1311,0.0762,0.4333,0.0,0.3451,0.2,2025-09-08,2025-09-07 19:42:04
NCC.NS,0.4501,-0.0305,-0.0937,-0.0512,-0.1063,0.0643,0.4333,0.0,-0.3042,0.2,2025-09-08,2025-09-07 19:42:04
GRINDWELL.NS,0.4499,-0.0631,-0.0759,0.0709,-0.1191,0.0134,0.45,0.5,-0.2419,0.0,2025-09-08,2025-09-07 19:42:04
MAXESTATES.NS,0.4492,0.0677,-0.1532,-0.0682,-0.1544,0.0497,0.4167,0.0,-0.1827,0.4,2025-09-08,2025-09-07 19:42:05
HGINFRA.NS,0.4486,-0.0766,-0.0569,0.0382,-0.0655,-0.0049,0.45,0.5,-0.2447,0.0,2025-09-08,2025-09-07 19:42:05
CROMPTON.NS,0.4484,-0.0159,-0.0768,0.0236,-0.047,-0.0345,0.4333,0.5,-0.1924,0.2,2025-09-08,2025-09-07 19:42:04
TATACOMM.NS,0.4483,-0.0108,-0.0731,-0.0851,-0.0864,0.0218,0.4667,0.0,-0.1073,-0.2,2025-09-08,2025-09-07 19:42:04
CESC.NS,0.4483,-0.0188,-0.1106,-0.0546,-0.0705,0.0526,0.4833,0.0,-0.0865,-0.2,2025-09-08,2025-09-07 19:42:04
GSPL.NS,0.4456,-0.0468,-0.0633,-0.0065,-0.1285,0.0449,0.4333,0.0,-0.1244,-0.2,2025-09-08,2025-09-07 19:42:04
TRIVENI.NS,0.4452,-0.0703,-0.0444,0.1088,-0.1437,-0.0056,0.3833,0.5,-0.0737,-0.2,2025-09-08,2025-09-07 19:42:05
JYOTHYLAB.NS,0.4444,-0.0957,0.001,0.0142,-0.0229,0.0087,0.4167,0.0,-0.1759,0.0,2025-09-08,2025-09-07 19:42:04
FEDERALBNK.NS,0.4439,-0.001,-0.0872,-0.0212,-0.1133,0.0341,0.35,0.0,-0.0994,0.2,2025-09-08,2025-09-07 19:42:04
SIGNATURE.NS,0.4437,-0.0184,-0.1149,0.0087,-0.2155,0.0169,0.4333,0.5,-0.1603,-0.2,2025-09-08,2025-09-07 19:42:04
NTPC.NS,0.443,-0.0839,-0.015,-0.0214,-0.0052,0.0026,0.45,0.0,-0.0938,0.4,2025-09-08,2025-09-07 19:42:04
BSOFT.NS,0.4424,0.0194,-0.1423,0.0179,-0.0812,-0.0156,0.4333,0.5,-0.3686,0.2,2025-09-08,2025-09-07 19:42:05
IRFC.NS,0.4419,-0.0357,-0.1157,-0.0065,-0.1528,0.0202,0.3833,0.5,-0.1729,-0.2,2025-09-08,2025-09-07 19:42:04
OBEROIRLTY.NS,0.4406,0.0118,-0.1717,0.0128,-0.1592,0.0229,0.4333,0.5,-0.174,-0.2,2025-09-08,2025-09-07 19:42:04
REDINGTON.NS,0.4397,0.0826,-0.1807,0.0036,-0.1237,0.0207,0.5167,0.0,0.229,0.4,2025-09-08,2025-09-07 19:42:05
PTCIL.NS,0.4396,-0.0671,-0.0848,-0.0108,-0.112,0.0573,0.45,0.0,0.1368,0.0,2025-09-08,2025-09-07 19:42:04
LICHSGFIN.NS,0.439,-0.0389,-0.0917,-0.0075,-0.0761,0.0388,0.4167,0.0,-0.0997,0.1,2025-09-08,2025-09-07 19:42:04
BAJAJELEC.NS,0.4386,0.1147,-0.157,0.0088,-0.1724,-0.0033,0.4167,0.0,-0.2543,0.0,2025-09-08,2025-09-07 19:42:05
SYNGENE.NS,0.4373,-0.1012,0.0042,-0.0306,-0.0159,-0.0222,0.5333,0.0,-0.2925,0.2,2025-09-08,2025-09-07 19:42:04
NAUKRI.NS,0.4365,0.0009,-0.1108,-0.0149,-0.0765,0.0174,0.4333,0.0,-0.1919,0.2,2025-09-08,2025-09-07 19:42:04
WIPRO.NS,0.4365,0.0212,-0.0721,-0.0099,-0.0518,-0.0367,0.4667,0.0,-0.1281,0.0,2025-09-08,2025-09-07 19:42:04
PERSISTENT.NS,0.4361,0.0909,-0.1504,-0.0299,-0.1269,-0.0036,0.4,0.0,-0.1267,0.0,2025-09-08,2025-09-07 19:42:04
PFC.NS,0.4356,-0.0594,-0.0523,-0.0437,-0.0374,0.0087,0.4,0.0,-0.1699,0.4,2025-09-08,2025-09-07 19:42:04
MAPMYINDIA.NS,0.4348,-0.043,-0.0664,-0.0742,-0.1053,0.0086,0.4833,0.0,-0.0552,-0.2,2025-09-08,2025-09-07 19:42:05
VBL.NS,0.434,-0.1456,0.0252,-0.0645,-0.0051,-0.0067,0.45,0.0,-0.2319,0.4,2025-09-08,2025-09-07 19:42:04
MGL.NS,0.4337,-0.0098,-0.0997,-0.0216,-0.0413,0.0012,0.45,0.0,0.115,0.0,2025-09-08,2025-09-07 19:42:05
GLAXO.NS,0.4334,-0.026,-0.1619,-0.0008,-0.1382,0.0213,0.4333,0.5,0.1752,0.0,2025-09-08,2025-09-07 19:42:04
DBREALTY.NS,0.4332,-0.1035,-0.2594,-0.0475,-0.115,0.2104,0.4333,0.0,0.0117,-0.2,2025-09-08,2025-09-07 19:42:05
GICRE.NS,0.4332,-0.0857,-0.0132,-0.0252,-0.0514,-0.0028,0.3667,0.0,-0.049,0.2,2025-09-08,2025-09-07 19:42:04
SWSOLAR.NS,0.4326,-0.006,-0.1563,-0.0142,-0.1573,0.0679,0.4,0.0,-0.466,0.2,2025-09-08,2025-09-07 19:42:05
CYIENT.NS,0.4324,-0.0009,-0.0847,0.0,-0.1203,-0.0102,0.4833,0.0,-0.3726,0.6,2025-09-08,2025-09-07 19:42:04
ANGELONE.NS,0.4318,-0.0006,-0.2087,-0.1306,-0.1875,0.0996,0.4833,0.0,-0.1967,0.2,2025-09-08,2025-09-07 19:42:04
ABB.NS,0.4309,-0.0145,-0.1453,0.0197,-0.1905,0.0031,0.4333,0.5,-0.3103,0.2,2025-09-08,2025-09-07 19:42:04
ORCHPHARMA.NS,0.4305,-0.059,0.0108,-0.0497,-0.0018,-0.0645,0.4333,0.0,-0.5508,0.2,2025-09-08,2025-09-07 19:42:05
CHOLAHLDNG.NS,0.4301,-0.0316,-0.1413,-0.0683,-0.0917,0.0486,0.4667,0.0,0.1428,0.4,2025-09-08,2025-09-07 19:42:04
PSB.NS,0.4298,0.0393,-0.0531,0.0214,-0.106,-0.1271,0.4333,0.5,-0.4171,0.0,2025-09-08,2025-09-07 19:42:04
CHEMPLASTS.NS,0.429,-0.0617,-0.0345,-0.0387,-0.0389,-0.0253,0.45,0.0,-0.1804,0.2,2025-09-08,2025-09-07 19:42:05
SUNPHARMA.NS,0.4288,-0.0627,-0.0429,-0.0295,-0.0748,-0.0239,0.55,0.0,-0.081,0.2,2025-09-08,2025-09-07 19:42:04
CLEAN.NS,0.4276,0.0222,-0.1908,0.0095,-0.15,-0.0,0.4167,0.5,-0.081,0.0,2025-09-08,2025-09-07 19:42:05
IRCTC.NS,0.4275,-0.0524,-0.0751,-0.0135,-0.1381,0.0126,0.4667,0.0,-0.1272,-0.2,2025-09-08,2025-09-07 19:42:04
UCOBANK.NS,0.4272,-0.0189,-0.0567,0.0189,-0.1272,-0.0768,0.3667,0.5,-0.3452,0.6,2025-09-08,2025-09-07 19:42:04
GRAVITA.NS,0.4254,-0.1198,-0.0609,-0.048,-0.0387,0.027,0.4667,0.0,-0.2226,0.0,2025-09-08,2025-09-07 19:42:05
ATGL.NS,0.4253,-0.0307,-0.0834,-0.0258,-0.1099,-0.0068,0.4667,0.0,-0.1472,0.4,2025-09-08,2025-09-07 19:42:04
POLYMED.NS,0.4249,-0.09,-0.0678,0.0725,-0.0674,-0.0351,0.3833,0.5,-0.242,0.4,2025-09-08,2025-09-07 19:42:04
ETHOSLTD.NS,0.4217,-0.0694,-0.0458,-0.1124,-0.1219,-0.0112,0.4333,0.0,-0.2269,0.2,2025-09-08,2025-09-07 19:42:05
CIEINDIA.NS,0.4201,-0.0237,-0.1114,-0.0008,-0.2309,0.0259,0.4167,0.0,-0.1687,0.2,2025-09-08,2025-09-07 19:42:04
LTTS.NS,0.4192,-0.0453,-0.0461,-0.0081,-0.1439,-0.0244,0.3833,0.0,-0.2347,0.4,2025-09-08,2025-09-07 19:42:04
INFY.NS,0.4184,0.0283,-0.1052,-0.0012,-0.1354,-0.0398,0.4333,0.0,-0.2381,0.4,2025-09-08,2025-09-07 19:42:04
AIAENG.NS,0.4178,-0.0337,-0.0774,-0.0166,-0.1624,-0.0118,0.4167,0.0,-0.1105,0.2,2025-09-08,2025-09-07 19:42:04
BLUEJET.NS,0.4178,0.0099,-0.1448,-0.0571,-0.1302,-0.0571,0.4333,0.5,0.4219,0.2,2025-09-08,2025-09-07 19:42:05
CASTROLIND.NS,0.4163,-0.0115,-0.059,-0.0343,-0.0721,-0.0744,0.5167,0.0,0.0374,-0.2,2025-09-08,2025-09-07 19:42:04
SUNDARMFIN.NS,0.4149,-0.085,-0.0696,-0.0054,-0.0643,-0.0137,0.4833,0.0,0.096,0.2,2025-09-08,2025-09-07 19:42:04
INFIBEAM.NS,0.4146,-0.0689,-0.0726,0.0974,-0.1745,-0.0478,0.35,0.5,-0.3865,0.4,2025-09-08,2025-09-07 19:42:05
AUROPHARMA.NS,0.4139,-0.0729,-0.0634,-0.0329,-0.092,-0.0248,0.4833,0.0,-0.1402,0.0,2025-09-08,2025-09-07 19:42:04
SRF.NS,0.4133,-0.0499,-0.0885,0.0041,-0.0954,-0.0143,0.4167,0.0,0.2456,0.0,2025-09-08,2025-09-07 19:42:04
NHPC.NS,0.4128,-0.0823,-0.0819,-0.0534,-0.1265,0.0002,0.4833,0.0,-0.0372,0.2,2025-09-08,2025-09-07 19:42:04
AEGISLOG.NS,0.4127,-0.0545,-0.1047,-0.0249,-0.091,0.0018,0.4,0.0,-0.1312,0.2,2025-09-08,2025-09-07 19:42:04
ADANIENT.NS,0.4122,-0.0556,-0.1174,0.0004,-0.1103,0.009,0.45,0.0,-0.0476,0.0,2025-09-08,2025-09-07 19:42:04
RESPONIND.NS,0.4113,-0.0398,-0.113,-0.0386,-0.0884,-0.012,0.45,0.0,-0.2497,0.6,2025-09-08,2025-09-07 19:42:05
TRITURBINE.NS,0.411,0.0141,-0.1542,0.0062,-0.1331,-0.0043,0.4,0.0,-0.3816,0.4,2025-09-08,2025-09-07 19:42:04
PETRONET.NS,0.4109,-0.0652,-0.0775,0.007,-0.1065,-0.0137,0.4,0.0,-0.1541,0.2,2025-09-08,2025-09-07 19:42:04
BALKRISIND.NS,0.4106,-0.0715,-0.0487,-0.0382,-0.0664,-0.0421,0.4167,0.0,-0.1528,0.2,2025-09-08,2025-09-07 19:42:04
CENTRALBK.NS,0.4094,0.0093,-0.0811,-0.0241,-0.1165,-0.0642,0.3833,0.0,-0.3686,0.4,2025-09-08,2025-09-07 19:42:04
KTKBANK.NS,0.4086,-0.0462,-0.1626,0.0248,-0.2658,0.006,0.3833,0.5,-0.1668,0.0,2025-09-08,2025-09-07 19:42:05
LODHA.NS,0.4083,-0.0273,-0.1807,-0.0412,-0.1681,0.0443,0.4167,0.0,-0.0788,0.2,2025-09-08,2025-09-07 19:42:04
SIEMENS.NS,0.4077,0.0914,-0.0208,-0.0221,-0.0507,-0.2056,0.5333,0.0,-0.5824,0.2,2025-09-08,2025-09-07 19:42:04
BLUEDART.NS,0.4071,-0.0957,-0.094,-0.0255,-0.0989,0.0071,0.4333,0.0,-0.2301,0.2,2025-09-08,2025-09-07 19:42:04
BHEL.NS,0.4057,-0.0381,-0.1932,-0.0381,-0.1651,0.0535,0.4333,0.0,-0.1385,0.0,2025-09-08,2025-09-07 19:42:04
JUSTDIAL.NS,0.4046,-0.0692,-0.0998,-0.0018,-0.1296,-0.004,0.4,0.0,-0.2706,0.4,2025-09-08,2025-09-07 19:42:05
MANYAVAR.NS,0.4044,-0.0737,-0.085,-0.0137,-0.07,-0.0259,0.4167,0.0,-0.481,0.4,2025-09-08,2025-09-07 19:42:04
TEXRAIL.NS,0.4021,0.0046,-0.2222,0.0427,-0.1553,0.0355,0.4333,0.0,-0.3543,-0.2,2025-09-08,2025-09-07 19:42:05
IREDA.NS,0.4017,-0.1263,-0.1465,0.0141,-0.1808,0.0147,0.4167,0.5,-0.2602,0.0,2025-09-08,2025-09-07 19:42:04
BAJAJHFL.NS,0.3995,-0.0961,-0.0789,-0.0038,-0.1285,-0.0137,0.4,0.0,-0.1501,0.5,2025-09-08,2025-09-07 19:42:04
SONACOMS.NS,0.3987,-0.043,-0.0793,-0.0236,-0.1236,-0.0564,0.4167,0.0,-0.3409,0.6,2025-09-08,2025-09-07 19:42:04
KNRCON.NS,0.3987,-0.1408,-0.1187,0.004,-0.0689,-0.0244,0.4167,0.5,-0.394,0.2,2025-09-08,2025-09-07 19:42:05
AXISBANK.NS,0.3984,-0.0502,-0.1432,-0.0114,-0.2177,0.02,0.3833,0.0,-0.0807,-0.2,2025-09-08,2025-09-07 19:42:04
HAPPSTMNDS.NS,0.3979,-0.0055,-0.1185,-0.027,-0.0456,-0.076,0.4833,0.0,-0.2198,0.2,2025-09-08,2025-09-07 19:42:05
RVNL.NS,0.3976,-0.0809,-0.17,0.0232,-0.2074,-0.0022,0.4,0.5,-0.2453,0.2,2025-09-08,2025-09-07 19:42:04
VMART.NS,0.3974,-0.0805,-0.1395,0.0065,-0.2067,0.0304,0.4167,0.0,-0.2499,0.2,2025-09-08,2025-09-07 19:42:05
KOTAKBANK.NS,0.3968,-0.0842,-0.119,-0.0196,-0.1001,-0.0098,0.4667,0.0,0.0889,0.2,2025-09-08,2025-09-07 19:42:04
UNITDSPR.NS,0.3961,-0.1058,-0.0923,0.005,-0.1831,0.0017,0.4333,0.0,-0.1237,0.2,2025-09-08,2025-09-07 19:42:04
MAHSEAMLES.NS,0.396,-0.0549,-0.1538,-0.0595,-0.071,-0.0063,0.4333,0.0,0.0026,-0.2,2025-09-08,2025-09-07 19:42:05
RATNAMANI.NS,0.393,-0.1056,-0.1407,0.0343,-0.1868,-0.0207,0.3833,0.5,-0.2985,0.0,2025-09-08,2025-09-07 19:42:04
AETHER.NS,0.3916,-0.107,-0.0371,-0.0009,-0.0608,-0.0706,0.4,0.0,-0.0972,0.0,2025-09-08,2025-09-07 19:42:05
PCBL.NS,0.3892,-0.1241,-0.1058,-0.0091,-0.0546,-0.0081,0.3833,0.0,-0.1163,0.0,2025-09-08,2025-09-07 19:42:05
RECLTD.NS,0.3891,-0.117,-0.0738,-0.0383,-0.1056,-0.0278,0.3667,0.0,-0.2764,0.4,2025-09-08,2025-09-07 19:42:04
AKUMS.NS,0.3889,0.0625,-0.1991,-0.0548,-0.2074,-0.041,0.3833,0.0,-0.2817,-0.2,2025-09-08,2025-09-07 19:42:05
TTML.NS,0.3887,-0.0103,-0.1403,-0.0052,-0.258,-0.0211,0.3333,0.0,-0.2999,0.4,2025-09-08,2025-09-07 19:42:05
HCLTECH.NS,0.388,0.0149,-0.1699,-0.0468,-0.2472,-0.0271,0.4,0.0,-0.2293,0.2,2025-09-08,2025-09-07 19:42:04
UBL.NS,0.3877,-0.121,-0.0657,-0.0515,-0.1991,-0.0179,0.3667,0.0,-0.0471,0.0,2025-09-08,2025-09-07 19:42:04
GODREJPROP.NS,0.3871,-0.0254,-0.1786,0.0144,-0.1792,-0.0135,0.4667,0.0,-0.3068,-0.2,2025-09-08,2025-09-07 19:42:04
ADANIENSOL.NS,0.3859,-0.1033,-0.109,-0.0366,-0.2,-0.0023,0.3833,0.0,0.2609,0.4,2025-09-08,2025-09-07 19:42:04
JSWHL.NS,0.3857,-0.2163,-0.1078,0.0755,-0.1419,0.0051,0.4,0.5,0.3252,0.0,2025-09-08,2025-09-07 19:42:05
ACE.NS,0.3844,-0.1467,-0.1299,0.1401,-0.0937,-0.0391,0.4,0.5,-0.1756,0.2,2025-09-08,2025-09-07 19:42:05
SUNTV.NS,0.3825,-0.1803,-0.0468,-0.0304,-0.1435,-0.007,0.3167,0.0,-0.246,0.4,2025-09-08,2025-09-07 19:42:04
TCS.NS,0.381,-0.0501,-0.1114,0.0085,-0.1749,-0.049,0.3333,0.0,-0.2861,0.0,2025-09-08,2025-09-07 19:42:04
ISGEC.NS,0.3806,-0.0759,-0.1586,0.0117,-0.2258,0.0096,0.3833,0.0,-0.2874,-0.2,2025-09-08,2025-09-07 19:42:05
INOXWIND.NS,0.3799,-0.095,-0.1604,0.0655,-0.1666,-0.0556,0.45,0.5,-0.2198,0.2,2025-09-08,2025-09-07 19:42:04
DEEPAKNTR.NS,0.3796,-0.0913,-0.1077,-0.0574,-0.1417,-0.0494,0.4833,0.0,-0.3542,0.6,2025-09-08,2025-09-07 19:42:04
FLUOROCHEM.NS,0.3796,-0.1429,-0.0523,-0.0099,-0.1012,-0.06,0.45,0.0,-0.1369,0.2,2025-09-08,2025-09-07 19:42:04
AURIONPRO.NS,0.3789,-0.1911,-0.0799,-0.1284,-0.0328,-0.0052,0.35,0.0,-0.2238,0.4,2025-09-08,2025-09-07 19:42:05
LMW.NS,0.3783,-0.0855,-0.1192,-0.0422,-0.161,-0.0322,0.3833,0.0,-0.1069,-0.2,2025-09-08,2025-09-07 19:42:04
JWL.NS,0.3771,-0.1423,-0.1544,0.0344,-0.2044,0.0458,0.35,0.0,-0.31,0.2,2025-09-08,2025-09-07 19:42:04
VTL.NS,0.3766,-0.1574,-0.1585,0.0378,-0.0994,0.0338,0.4,0.0,-0.1366,0.0,2025-09-08,2025-09-07 19:42:05
TIPSMUSIC.NS,0.3742,-0.0968,-0.128,-0.0118,-0.1673,-0.0256,0.3833,0.0,-0.336,0.4,2025-09-08,2025-09-07 19:42:05
IRB.NS,0.3739,-0.0819,-0.1539,-0.063,-0.2009,-0.0124,0.4,0.0,-0.1852,0.0,2025-09-08,2025-09-07 19:42:04
NEWGEN.NS,0.3737,-0.0526,-0.2432,0.0017,-0.1485,-0.022,0.3167,0.5,-0.2191,0.0,2025-09-08,2025-09-07 19:42:05
INDUSTOWER.NS,0.3734,-0.1142,-0.1886,0.012,-0.106,0.0184,0.4167,0.0,-0.0365,0.2,2025-09-08,2025-09-07 19:42:04
CMSINFO.NS,0.3731,-0.0815,-0.1477,-0.0371,-0.1811,-0.0271,0.4333,0.0,-0.1305,0.0,2025-09-08,2025-09-07 19:42:05
GARFIBRES.NS,0.3709,-0.1108,-0.1591,-0.0242,-0.1441,0.0012,0.35,0.0,-0.1563,0.2,2025-09-08,2025-09-07 19:42:05
EMBDL.NS,0.3696,-0.0313,-0.2343,0.0372,-0.1267,-0.0661,0.3833,0.5,-0.2505,0.0,2025-09-08,2025-09-07 19:42:05
SHRIRAMFIN.NS,0.3696,-0.1096,-0.1491,-0.0337,-0.0966,-0.0273,0.4167,0.0,-0.0044,0.0,2025-09-08,2025-09-07 19:42:04
AARTIIND.NS,0.3688,-0.0493,-0.2042,0.0069,-0.1881,-0.0161,0.45,0.0,-0.1635,-0.2,2025-09-08,2025-09-07 19:42:04
ELECTCAST.NS,0.3687,0.0096,-0.2747,-0.0055,-0.1904,0.0059,0.3833,0.0,-0.3512,0.2,2025-09-08,2025-09-07 19:42:05
EMUDHRA.NS,0.3607,-0.1898,-0.0794,-0.0677,-0.0483,-0.0575,0.4333,0.0,-0.2182,0.0,2025-09-08,2025-09-07 19:42:05
ABREL.NS,0.3602,-0.0289,-0.2274,0.0152,-0.3021,-0.0006,0.35,0.0,-0.355,0.2,2025-09-08,2025-09-07 19:42:04
BRIGADE.NS,0.358,-0.0599,-0.1894,-0.0273,-0.2607,-0.0312,0.4333,0.0,-0.2503,0.0,2025-09-08,2025-09-07 19:42:04
ROUTE.NS,0.3561,-0.1128,-0.1249,-0.0051,-0.2458,-0.0499,0.4167,0.0,-0.4079,0.4,2025-09-08,2025-09-07 19:42:05
EQUITASBNK.NS,0.3544,-0.0776,-0.1861,-0.0093,-0.186,-0.0291,0.3167,0.0,-0.2524,0.0,2025-09-08,2025-09-07 19:42:05
WELSPUNLIV.NS,0.3498,-0.1155,-0.2001,-0.0048,-0.1162,-0.0223,0.3833,0.0,-0.2492,0.0,2025-09-08,2025-09-07 19:42:05
SBICARD.NS,0.3494,-0.1002,-0.1859,0.0059,-0.2543,-0.0268,0.4333,0.0,0.1288,0.0,2025-09-08,2025-09-07 19:42:04
SHAKTIPUMP.NS,0.3477,-0.1536,-0.1436,-0.0583,-0.1298,-0.0407,0.3667,0.0,-0.0571,0.0,2025-09-08,2025-09-07 19:42:05
TORNTPOWER.NS,0.346,-0.2181,-0.134,-0.0486,-0.1157,-0.0165,0.4333,0.0,-0.1626,0.2,2025-09-08,2025-09-07 19:42:04
ICIL.NS,0.3365,-0.1472,-0.1936,-0.0409,-0.0939,-0.0446,0.4167,0.0,-0.2849,0.2,2025-09-08,2025-09-07 19:42:05
GANESHHOUC.NS,0.3351,-0.1917,-0.1265,0.0044,-0.1086,-0.059,0.35,0.0,-0.2997,0.4,2025-09-08,2025-09-07 19:42:05
PNBHOUSING.NS,0.3342,-0.1795,-0.2825,0.0332,-0.1773,-0.0027,0.4333,0.5,-0.0912,-0.2,2025-09-08,2025-09-07 19:42:04
ARVIND.NS,0.3332,-0.1478,-0.1743,0.0057,-0.2177,-0.0372,0.35,0.0,-0.2237,0.2,2025-09-08,2025-09-07 19:42:05
SANOFI.NS,0.3317,-0.1603,-0.1738,0.0047,-0.2481,-0.0288,0.3667,0.0,-0.1622,0.2,2025-09-08,2025-09-07 19:42:05
AVANTIFEED.NS,0.3238,-0.2288,-0.0984,-0.0049,-0.096,-0.0881,0.3833,0.0,0.1348,-0.2,2025-09-08,2025-09-07 19:42:05
IEX.NS,0.3228,-0.2223,-0.2531,0.0125,-0.087,-0.047,0.5,0.5,-0.1594,-0.2,2025-09-08,2025-09-07 19:42:05
SYMPHONY.NS,0.3228,-0.1839,-0.1217,-0.003,-0.2148,-0.081,0.3667,0.0,-0.3035,-0.2,2025-09-08,2025-09-07 19:42:05
JYOTICNC.NS,0.3223,-0.1555,-0.2055,-0.0229,-0.1991,-0.0383,0.3667,0.0,-0.2864,0.2,2025-09-08,2025-09-07 19:42:04
HFCL.NS,0.322,-0.1517,-0.2002,-0.0153,-0.2005,-0.0538,0.4333,0.0,-0.4758,0.6,2025-09-08,2025-09-07 19:42:04
AAVAS.NS,0.3187,-0.2059,-0.1805,-0.0398,-0.1057,-0.0535,0.4167,0.0,-0.0477,0.0,2025-09-08,2025-09-07 19:42:05
TEJASNET.NS,0.3094,-0.3138,-0.1805,0.0609,-0.1369,-0.0484,0.3833,0.5,-0.5609,0.3,2025-09-08,2025-09-07 19:42:04
ABFRL.NS,0.3081,-0.6738,0.1561,0.1467,0.1144,-0.3178,0.45,1.0,-0.7216,0.2,2025-09-08,2025-09-07 19:42:04
RKFORGE.NS,0.3053,-0.2477,-0.1608,0.0103,-0.1308,-0.0607,0.3667,0.0,-0.4136,0.2,2025-09-08,2025-09-07 19:42:05
QUESS.NS,0.3041,-0.0882,-0.0935,0.0002,-0.1567,-0.2317,0.4,0.0,-0.6045,0.6,2025-09-08,2025-09-07 19:42:05
IONEXCHANG.NS,0.3025,-0.1807,-0.2114,-0.0294,-0.2186,-0.0555,0.3333,0.0,-0.3497,0.4,2025-09-08,2025-09-07 19:42:05
JINDALSAW.NS,0.2951,-0.2124,-0.1697,0.0101,-0.1944,-0.098,0.4167,0.0,-0.3387,0.4,2025-09-08,2025-09-07 19:42:04
PRAJIND.NS,0.2943,-0.2031,-0.1845,-0.0107,-0.2073,-0.0845,0.35,0.0,-0.4848,0.2,2025-09-08,2025-09-07 19:42:05
GRWRHITECH.NS,0.2892,-0.029,-0.3178,0.0205,-0.2406,-0.1338,0.4333,0.0,-0.4059,0.0,2025-09-08,2025-09-07 19:42:05
JAIBALAJI.NS,0.2804,-0.2432,-0.2236,0.006,0.0067,-0.1003,0.3833,0.0,-0.4519,0.6,2025-09-08,2025-09-07 19:42:04
PDSL.NS,0.2694,-0.2106,-0.1945,0.0239,-0.3347,-0.1058,0.3333,0.0,-0.3968,0.2,2025-09-08,2025-09-07 19:42:05
MARKSANS.NS,0.2586,-0.1943,-0.3118,-0.0513,-0.306,-0.0605,0.3,0.0,-0.508,0.2,2025-09-08,2025-09-07 19:42:05
RAYMOND.NS,0.2336,-0.5966,0.0251,0.0033,0.0237,-0.2378,0.45,0.0,-0.6237,0.0,2025-09-08,2025-09-07 19:42:05
FIVESTAR.NS,0.2284,-0.2836,-0.2963,-0.0912,-0.342,-0.0829,0.45,0.0,-0.1712,0.2,2025-09-08,2025-09-07 19:42:04
PGEL.NS,0.2164,-0.419,-0.2628,0.1343,-0.1053,-0.1458,0.4667,0.5,-0.2204,0.0,2025-09-08,2025-09-07 19:42:05
ISEC.NS,0.0,0.0,0.0,0.0,0.0,0.0,0.0,0.0,0.0,0.0,2025-09-08,2025-09-07 19:42:04
IWEL.NS,0.0,0.0,0.0,0.0,0.0,0.0,0.0,0.0,0.0,0.0,2025-09-08,2025-09-07 19:42:05
